category,url,title,text
https://vnexpress.net/kinh-doanh/doanh-nghiep,https://vnexpress.net/vietravel-airlines-bay-tro-lai-4398656.html,Vietravel Airlines bay trở lại,"
Sau khoảng 3 tháng ""ngủ đông"", Vietravel Airlines sẽ mở bán vé trở lại, khôi phục mạng bay để phục vụ nhu cầu cuối năm và Tết.
"
https://vnexpress.net/kinh-doanh/doanh-nghiep,https://vnexpress.net/goodyear-khai-truong-trung-tam-dich-vu-lop-o-dong-nai-4397949.html,Goodyear khai trương trung tâm dịch vụ lốp ở Đồng Nai,"
Goodyear Autocare Hải Triều – Biên Hòa là thành viên mới nhất của chuỗi Trung tâm dịch vụ và chăm sóc lốp xe Goodyear tại Việt Nam, khai trương đầu tháng 12.
"
https://vnexpress.net/kinh-doanh/doanh-nghiep,https://vnexpress.net/vinfast-tai-cau-truc-4398483.html,VinFast tái cấu trúc,"
Vingroup sẽ chuyển nhượng vốn góp tại VinFast Việt Nam sang công ty con đặt trụ sở tại Singapore, chuẩn bị cho quá trình IPO tại Mỹ.
"
https://vnexpress.net/kinh-doanh/doanh-nghiep,https://vnexpress.net/bau-duc-nhan-thu-lao-13-trieu-dong-mot-thang-4398349.html,Bầu Đức nhận thù lao 13 triệu đồng một tháng,"
Năm nay, Hoàng Anh Gia Lai trả thù lao cho Chủ tịch Đoàn Nguyên Đức 13 triệu đồng một tháng, thấp hơn 15 lần so với năm trước.
"
https://vnexpress.net/kinh-doanh/doanh-nghiep,https://vnexpress.net/loat-doanh-nghiep-cong-ty-chung-khoan-bi-phat-vi-sai-pham-phat-hanh-trai-phieu-4398369.html,"Loạt doanh nghiệp, công ty chứng khoán bị phạt vì sai phạm phát hành trái phiếu","
VISecurities, VsetGroup và APEC Group vừa bị xử phạt hành chính do vi phạm các quy định liên quan đến việc phát hành trái phiếu doanh nghiệp.
"
https://vnexpress.net/kinh-doanh/doanh-nghiep,https://vnexpress.net/vinacapital-co-the-niem-yet-tai-singapore-4398269.html,VinaCapital có thể niêm yết tại Singapore,"
Công ty quản lý đầu tư lớn nhất tại Việt Nam - VinaCapital- có thể sẽ IPO tại Singapore với kế hoạch huy động 183 triệu USD vào năm sau.
"
https://vnexpress.net/kinh-doanh/doanh-nghiep,,,
https://vnexpress.net/kinh-doanh/doanh-nghiep,https://vnexpress.net/ritavo-ra-mat-nganh-cua-va-phu-kien-cao-cap-4397564.html,RitaVõ ra mắt ngành cửa và phụ kiện cao cấp,"
RitaVõ LifeWindow trở thành thành viên của công ty RitaVõ, chuyên sản xuất, cung cấp và lắp đặt các loại cửa.
"
https://vnexpress.net/kinh-doanh/doanh-nghiep,https://vnexpress.net/viet-nam-se-trong-top-10-nuoc-nhan-kieu-hoi-lon-nhat-the-gioi-4397207.html,'Việt Nam sẽ trong top 10 nước nhận kiều hối lớn nhất thế giới',"
Lượng kiều hối năm 2021 vẫn tăng, bất chấp đại dịch, nhờ đó, đưa Việt Nam vào top 10 nước nhận kiều hối, theo ông Đào Minh Tuấn, Chủ tịch Công ty Kiều hối Vietcombank.
"
https://vnexpress.net/kinh-doanh/doanh-nghiep,https://vnexpress.net/trai-phieu-doanh-nghiep-khong-tai-san-dam-bao-nguy-co-tang-nong-4397980.html,Trái phiếu doanh nghiệp không tài sản đảm bảo nguy cơ tăng nóng,"
Bộ trưởng Tài chính vừa yêu cầu thanh tra việc phát hành trái phiếu doanh nghiệp, đặc biệt loại không có tài sản đảm bảo.
"
https://vnexpress.net/kinh-doanh/doanh-nghiep,https://vnexpress.net/ong-trum-bot-thoai-von-hang-loat-cong-ty-trai-nganh-4398245.html,'Ông trùm BOT' thoái vốn hàng loạt công ty trái ngành,"
Tasco sẽ thoái vốn tại 7 công ty về vật liệu xây dựng, xây lắp, nông nghiệp… với giá tối thiếu 600 tỷ đồng.
"
https://vnexpress.net/kinh-doanh/doanh-nghiep,https://vnexpress.net/hai-nam-chinh-phuc-thi-truong-logistics-viet-nam-cua-best-express-4398206.html,Hai năm chinh phục thị trường logistics Việt Nam của BEST Express,"
Sau hai năm hoạt động, BEST Express ghi nhận loạt thành tựu về mở rộng quy mô kinh doanh, nâng tổng diện tích kho bãi khai thác lên hơn 100.000 m2.
"
https://vnexpress.net/kinh-doanh/doanh-nghiep,https://vnexpress.net/ung-dung-goi-xe-keu-goi-dua-an-toan-suc-khoe-thanh-chuan-muc-4396919.html,Ứng dụng gọi xe kêu gọi đưa an toàn sức khỏe thành chuẩn mực,"
Sức khỏe là ưu tiên hàng đầu của người dân sau dịch bệnh là lý do Gojek chạy đua với ""bão"" Covid-19, đưa an toàn thành chuẩn mực mới trong dịch vụ gọi xe.
"
https://vnexpress.net/kinh-doanh/doanh-nghiep,,,
https://vnexpress.net/kinh-doanh/doanh-nghiep,https://vnexpress.net/nguyen-kim-to-chuc-big-bang-tro-lai-trong-thang-12-4398039.html,Nguyễn Kim tổ chức 'Big Bang Trở Lại' trong tháng 12,"
""Big Bang Trở Lại' là sự kiện lớn nhất năm tại Nguyễn Kim, mang đến hàng triệu sản phẩm điện máy chính hãng với mức giảm giá lên đến 75%.
"
https://vnexpress.net/kinh-doanh/doanh-nghiep,https://vnexpress.net/pti-tiep-tuc-duy-tri-dich-vu-bao-hiem-qua-kenh-buu-dien-4397888.html,PTI tiếp tục duy trì dịch vụ bảo hiểm qua kênh bưu điện,"
Vietnam Post vẫn là đối tác cung cấp các dịch vụ bảo hiểm phi nhân thọ trên mạng lưới của PTI, dù thoái vốn khỏi đơn vị này.
"
https://vnexpress.net/kinh-doanh/doanh-nghiep,https://vnexpress.net/fpt-trien-khai-chuyen-doi-so-cho-tong-cong-ty-phat-dien-1-4397376.html,FPT triển khai chuyển đổi số cho Tổng Công ty Phát điện 1,"
Theo thỏa thuận, FPT cung cấp dịch vụ tư vấn và triển khai chuyển đổi số cho các mảng sản xuất, kinh doanh, quản trị; đào tạo quản lý các cấp...
"
https://vnexpress.net/kinh-doanh/doanh-nghiep,https://vnexpress.net/a-an-dua-gao-sach-an-toan-den-voi-nguoi-tieu-dung-4398020.html,"A An đưa gạo sạch, an toàn đến với người tiêu dùng","
Hạn chế sử dụng phân hóa học, an toàn cho người sản xuất và tiêu dùng, chất lượng gạo thơm ngon là mục tiêu mà thương hiệu gạo A An hướng đến.
"
https://vnexpress.net/kinh-doanh/doanh-nghiep,https://vnexpress.net/g-group-vao-top-25-thuong-hieu-truyen-cam-hung-chau-a-thai-binh-duong-4397136.html,G-Group vào top 25 thương hiệu truyền cảm hứng châu Á - Thái Bình Dương,"
Tập đoàn Công nghệ G-Group được vinh danh tại lễ trao giải Asia Pacific Enterprise Awards (APEA) 2021 nhờ giải pháp hỗ trợ phòng dịch, đảm bảo phúc lợi nhân viên trong Covid-19.
"
https://vnexpress.net/kinh-doanh/doanh-nghiep,https://vnexpress.net/th-canh-tranh-bang-chat-luong-va-nang-suat-tai-nga-4397749.html,'TH cạnh tranh bằng chất lượng và năng suất tại Nga',"
Với năng suất vượt trội, chi phí sản xuất trên 1 lít sữa của TH tại Nga giảm, trong khi hàm lượng dinh dưỡng cao nhờ thổ nhưỡng và điều kiện sản xuất phù hợp.
"
https://vnexpress.net/kinh-doanh/doanh-nghiep,,,
https://vnexpress.net/kinh-doanh/doanh-nghiep,https://vnexpress.net/han-che-ve-logistics-la-rao-can-lon-doi-voi-thuong-mai-4397939.html,Hạn chế về logistics là rào cản lớn đối với thương mại,"
"
https://vnexpress.net/kinh-doanh/doanh-nghiep,https://vnexpress.net/thuong-hieu-suit-may-do-cho-nhieu-chinh-khach-4396978.html,Thương hiệu suit may đo cho nhiều chính khách,"
Brioni là một trong những thương hiệu yêu thích của Donald Trump, Barack Obama suốt nhiều năm.
"
https://vnexpress.net/kinh-doanh/doanh-nghiep,https://vnexpress.net/lanh-dao-sbt-duoc-vinh-danh-doanh-nhan-xuat-sac-chau-a-4397453.html,Lãnh đạo SBT được vinh danh doanh nhân xuất sắc châu Á,"
Bà Đặng Huỳnh Ức My - Phó Chủ tịch Hội đồng quản trị SBT nhận giải ""Doanh nhân xuất sắc Châu Á"" do The Asia Pacific Entrepreneurship Awards 2021 bình chọn.
"
https://vnexpress.net/kinh-doanh/doanh-nghiep,,,"
Các nhà đầu tư cam kết huy động khoảng 50% nguồn vốn để đầu tư cao tốc Đồng Đăng - Trà Lĩnh theo hình thức PPP.
"
https://vnexpress.net/kinh-doanh/doanh-nghiep,https://vnexpress.net/de-xuat-cho-hang-khong-tu-nhan-vay-4-000-6-000-ty-dong-uu-dai-4397709.html,Đề xuất cho hàng không tư nhân vay 4.000-6.000 tỷ đồng ưu đãi,"
VABA vừa đề xuất Bộ Giao thông vận tải kiến nghị Chính phủ, Quốc Hội cho hãng hàng không tư nhân vay 4.000-6.000 tỷ, lãi suất 0% tương tự Vietnam Airlines.
"
https://vnexpress.net/kinh-doanh/doanh-nghiep,https://vnexpress.net/doanh-nghiep-xuat-khau-nong-san-gap-kho-vi-yeu-cong-nghe-4397707.html,Doanh nghiệp xuất khẩu nông sản gặp khó vì yếu công nghệ,"
Yếu kỹ năng ứng dụng công nghệ khi làm việc trực tuyến, thiếu đội ngũ nhân sự xúc tiến thương mại khiến nhiều doanh nghiệp nông sản xuất khẩu gặp khó.
"
https://vnexpress.net/kinh-doanh/doanh-nghiep,,,
https://vnexpress.net/kinh-doanh/doanh-nghiep,https://vnexpress.net/sbt-thang-2-giai-doanh-nghiep-xuat-sac-chau-a-thai-binh-duong-4397454.html,SBT thắng 2 giải doanh nghiệp xuất sắc châu Á - Thái Bình Dương,"
SBT vào top ""Doanh nghiệp xuất sắc Châu Á"", đồng thời bà Đặng Huỳnh Ức My, Phó Chủ tịch HĐQT nhận vinh danh ""Doanh nhân xuất sắc Châu Á"" trong khuôn khổ giải APEA.
"
https://vnexpress.net/kinh-doanh/doanh-nghiep,https://vnexpress.net/doanh-nghiep-tao-tac-dong-xa-hoi-huong-den-can-bang-ben-vung-4384527.html,Doanh nghiệp tạo tác động xã hội hướng đến cân bằng bền vững,"
Nhóm doanh nghiệp tạo tác động xã hội (SIB) ngày càng nhận nhiều sự quan tâm khi hướng đến cân bằng giữa lợi nhuận với các chuẩn mực xã hội.
"
https://vnexpress.net/kinh-doanh/doanh-nghiep,https://vnexpress.net/co-hoi-dau-tu-dinh-cu-australia-hau-dai-dich-4397687.html,Cơ hội đầu tư định cư Australia hậu đại dịch,"
Các nhà đầu tư quốc tế quan tâm đến Australia sẽ có nhiều cơ hội khi nền kinh tế này đang cần những đòn bẩy phục hồi và tăng trưởng hậu đại dịch.
"
https://vnexpress.net/kinh-doanh/doanh-nghiep,https://vnexpress.net/le-duong-bao-lam-dong-hanh-best-express-trong-thang-tri-an-khach-hang-4397614.html,Lê Dương Bảo Lâm đồng hành BEST Express trong tháng tri ân khách hàng,"
Diễn viên hài Lê Dương Bảo Lâm mở đầu hoạt động đồng hành cùng nghệ sĩ của BEST Express trong tháng 12 với chương trình livestream tặng quà đặc biệt, ngày 3/12.
"
https://vnexpress.net/kinh-doanh/doanh-nghiep,https://vnexpress.net/vietlott-ky-niem-10-nam-thanh-lap-4397377.html,Vietlott kỷ niệm 10 năm thành lập,"
10 năm qua, Vietlott đạt doanh thu hơn 22.000 tỷ đồng, trả thưởng khoảng 13.000 tỷ đồng, đóng góp gần 6.200 tỷ đồng vào ngân sách các địa phương và tạo khoảng 11.000 việc làm trên cả nước.
"
https://vnexpress.net/kinh-doanh/doanh-nghiep,https://vnexpress.net/sun-group-nhan-giai-thuong-hieu-truyen-cam-hung-chau-a-4397561.html,Sun Group nhận giải 'Thương hiệu truyền cảm hứng châu Á',"
Tập đoàn được vinh danh là 'Doanh nghiệp xuất sắc châu Á' và 'Thương hiệu truyền cảm hứng châu Á' tại lễ trao giải Asia Pacific Enterprise Awards 2021...
"
https://vnexpress.net/kinh-doanh/doanh-nghiep,,,
category,url,title,text
https://vnexpress.net/kinh-doanh/bat-dong-san,https://vnexpress.net/shophouse-trieu-usd-e-khach-thue-4398756.html,Shophouse triệu USD ế khách thuê,"
"
https://vnexpress.net/kinh-doanh/bat-dong-san,https://vnexpress.net/co-nen-dau-tu-bat-dong-san-khi-tien-re-4398448.html,Có nên đầu tư bất động sản khi 'tiền rẻ'?,"
Chuyên gia cho rằng bất động sản là kênh trú ẩn an toàn cùng với vàng, chứng khoán khi vật giá tăng, lãi suất thấp và lo ngại trượt giá.
"
https://vnexpress.net/kinh-doanh/bat-dong-san,https://vnexpress.net/he-thong-tien-ich-tai-khu-can-ho-hang-sang-the-peak-midtown-4398401.html,Hệ thống tiện ích tại khu căn hộ hạng sang The Peak Midtown,"
The Peak Midtown quy tụ chuỗi tiện ích đa chức năng ngay tại chỗ (Self-Contained) đặc quyền dành riêng cho cư dân dự án quy mô lớn nhất Phú Mỹ Hưng.
"
https://vnexpress.net/kinh-doanh/bat-dong-san,https://vnexpress.net/bat-dong-san-long-an-huong-loi-tu-cu-hich-ha-tang-4397678.html,Bất động sản Long An hưởng lợi từ cú hích hạ tầng,"
Giai đoạn 2021 - 2025, Long An dự kiến chi đến gần 30.000 tỷ đồng đầu tư hạ tầng, giúp tăng cường khả năng kết nối.
"
https://vnexpress.net/kinh-doanh/bat-dong-san,https://vnexpress.net/charm-diamond-duoc-khach-hang-quan-tam-ngay-cong-bo-4398164.html,Charm Diamond được khách hàng quan tâm ngày công bố,"
Tòa tháp Charm Diamond sở hữu chuỗi tiện ích hiện đại, nhiều không gian xanh, quản lý vận hành theo tiêu chuẩn quốc tế.
"
https://vnexpress.net/kinh-doanh/bat-dong-san,https://vnexpress.net/van-phong-chia-se-phuc-hoi-nhanh-sau-gian-cach-4396430.html,Văn phòng chia sẻ phục hồi nhanh sau giãn cách,"
Phân khúc văn phòng chia sẻ đang có triển vọng tốt sau giãn cách, nhiều đơn vị cho thuê hết 90% diện tích khi chưa thi công xong.
"
https://vnexpress.net/kinh-doanh/bat-dong-san,,,
https://vnexpress.net/kinh-doanh/bat-dong-san,https://vnexpress.net/5-cong-vien-nang-tam-gia-tri-song-cho-cu-dan-sun-tropical-village-4397776.html,5 công viên nâng tầm giá trị sống cho cư dân Sun Tropical Village,"
Hệ thống 5 công viên mang đến trải nghiệm sống “chuẩn wellness” cho cư dân và khách nghỉ dưỡng tại Sun Tropical Village ở Bãi Kem, Nam Phú Quốc.
"
https://vnexpress.net/kinh-doanh/bat-dong-san,https://vnexpress.net/tiem-nang-sinh-loi-tu-du-an-shophouse-d-metropole-ha-tinh-4397450.html,Tiềm năng sinh lời từ dự án shophouse D’. Metropole Hà Tĩnh,"
Shophouse D’. Metropole Hà Tĩnh nằm trong trung tâm khu hành chính mới của thành phố Hà Tĩnh, mang lại tiềm năng kinh doanh cho chủ sở hữu.
"
https://vnexpress.net/kinh-doanh/bat-dong-san,https://vnexpress.net/dau-an-nhat-ban-trong-can-ho-sachi-prime-4397255.html,Dấu ấn Nhật Bản trong căn hộ Sachi Prime,"
Sachi Prime được chủ đầu tư xây dựng mang âm hưởng kiến trúc phương Đông, hướng tới chất lượng sống chuẩn Nhật cùng các tiện ích phong phú.
"
https://vnexpress.net/kinh-doanh/bat-dong-san,https://vnexpress.net/hanh-trinh-vinhomes-bien-vung-dat-khong-thanh-dai-do-thi-hang-dau-4397014.html,Hành trình Vinhomes biến vùng đất không thành đại đô thị hàng đầu,"
Sau gần 3 năm kể từ khi bàn giao những căn hộ đầu tiên, Vinhomes Ocean Park đã trở thành một trung tâm mới phía Đông Hà Nội với 28.000 cư dân sinh sống.
"
https://vnexpress.net/kinh-doanh/bat-dong-san,https://vnexpress.net/can-ho-bien-hang-sang-the-aston-luxury-residence-sap-ra-mat-4397177.html,Căn hộ biển hạng sang The Aston Luxury Residence sắp ra mắt,"
Những căn hộ đẹp nhất của Block The Sol tại dự án The Aston Luxury Residence sắp chính thức được công bố.
"
https://vnexpress.net/kinh-doanh/bat-dong-san,https://vnexpress.net/giai-phap-tai-chinh-cua-legacy-central-phu-hop-khach-hang-tre-4396862.html,Giải pháp tài chính của Legacy Central phù hợp khách hàng trẻ,"
Dự án căn hộ Legacy Central phù hợp với nhóm khách hàng trẻ nhờ chính sách tài chính linh hoạt, giãn tiến độ nhiều đợt, ngân hàng hỗ trợ vay vốn lên đến 75%.
"
https://vnexpress.net/kinh-doanh/bat-dong-san,,,
https://vnexpress.net/kinh-doanh/bat-dong-san,https://vnexpress.net/nguon-cung-can-ho-cao-cap-vuot-mat-nha-gia-re-4397565.html,Nguồn cung căn hộ cao cấp vượt mặt nhà giá rẻ,"
"
https://vnexpress.net/kinh-doanh/bat-dong-san,https://vnexpress.net/bat-dong-san-nghi-duong-tich-hop-trai-nghiem-danh-cho-gioi-tre-4397630.html,Bất động sản nghỉ dưỡng tích hợp trải nghiệm dành cho giới trẻ,"
"
https://vnexpress.net/kinh-doanh/bat-dong-san,https://vnexpress.net/kn-paradise-thang-kep-tai-vietnam-property-awards-2021-4397466.html,KN Paradise thắng kép tại Vietnam Property Awards 2021,"
Quần thể KN Paradise được vinh danh là phức hợp theo mô hình xanh xuất sắc, Chủ tịch KN Cam Ranh cũng được bình chọn là ""nhân vật bất động sản của năm"".
"
https://vnexpress.net/kinh-doanh/bat-dong-san,https://vnexpress.net/he-sinh-thai-tien-ich-phong-phu-tai-centria-island-4397556.html,Hệ sinh thái tiện ích phong phú tại Centria Island,"
"
https://vnexpress.net/kinh-doanh/bat-dong-san,https://vnexpress.net/suc-hut-can-ho-cao-cap-brg-legend-can-ke-thoi-diem-ban-giao-4397097.html,Sức hút căn hộ cao cấp BRG Legend cận kề thời điểm bàn giao,"
"
https://vnexpress.net/kinh-doanh/bat-dong-san,https://vnexpress.net/xu-huong-chon-mua-can-ho-dip-cuoi-nam-4396836.html,Xu hướng chọn mua căn hộ dịp cuối năm,"
Sau nhiều tháng trầm lắng, thị trường bất động sản trở lại sôi động và chứng kiến những xu hướng mới trong việc lựa chọn các căn hộ vào dịp cuối năm.
"
https://vnexpress.net/kinh-doanh/bat-dong-san,,,
https://vnexpress.net/kinh-doanh/bat-dong-san,https://vnexpress.net/phan-khu-the-origami-ghi-diem-nho-he-sinh-thai-tien-ich-4397425.html,Phân khu The Origami ghi điểm nhờ hệ sinh thái tiện ích,"
"
https://vnexpress.net/kinh-doanh/bat-dong-san,https://vnexpress.net/xu-huong-chon-noi-an-cu-tot-cho-suc-khoe-4396861.html,Xu hướng chọn nơi an cư tốt cho sức khỏe,"
Hậu giãn cách, thị trường bất động sản kỳ vọng đà phục hồi đi cùng xu hướng lựa chọn căn hộ tốt cho sức khỏe của khách hàng.
"
https://vnexpress.net/kinh-doanh/bat-dong-san,https://vnexpress.net/chien-luoc-khai-thac-vung-dat-moi-cua-mekong-group-4397257.html,Chiến lược khai thác vùng đất mới của Mekong Group,"
"
https://vnexpress.net/kinh-doanh/bat-dong-san,https://vnexpress.net/cen-sai-gon-la-don-vi-phat-trien-kinh-doanh-cross-long-hai-4397258.html,Cen Sài Gòn là đơn vị phát triển kinh doanh Cross Long Hải,"
Cen Sài Gòn và Tân Thành Group vừa ký kết hợp tác chiến lược dự án Cross Long Hải tại Sheraton Saigon Hotel (quận 1, TP HCM).
"
https://vnexpress.net/kinh-doanh/bat-dong-san,https://vnexpress.net/biet-thu-nghi-duong-xanh-tren-cao-tai-flamingo-cat-ba-4396605.html,Biệt thự nghỉ dưỡng xanh trên cao tại Flamingo Cát Bà,"
"
https://vnexpress.net/kinh-doanh/bat-dong-san,https://vnexpress.net/5-ly-do-happy-one-central-thu-hut-nguoi-mua-nha-4397053.html,5 lý do Happy One Central thu hút người mua nhà,"
"
https://vnexpress.net/kinh-doanh/bat-dong-san,,,
https://vnexpress.net/kinh-doanh/bat-dong-san,https://vnexpress.net/cuoc-song-tai-dinh-thu-the-sapphire-mansions-4395927.html,Cuộc sống tại dinh thự The Sapphire Mansions,"
Dinh thự The Sapphire Mansions mang tới cho giới thượng lưu không gian sống khác biệt từ tầm nhìn cho tới trải nghiệm.
"
https://vnexpress.net/kinh-doanh/bat-dong-san,https://vnexpress.net/best-western-premier-cong-bo-van-hanh-du-an-thu-18-tai-viet-nam-4396400.html,Best Western Premier công bố vận hành dự án thứ 18 tại Việt Nam,"
Best Western (BW), đơn vị vận hành thuộc top 10 thế giới sẽ tham gia quản lý vận hành phân khu BW Premier Charm Resort Hồ Tràm của tập đoàn Charm Group.
"
https://vnexpress.net/kinh-doanh/bat-dong-san,https://vnexpress.net/bac-ninh-dan-dau-ve-bat-dong-san-cong-nghiep-phia-bac-4396939.html,Bắc Ninh dẫn đầu về bất động sản công nghiệp phía Bắc,"
Bắc Ninh là địa phương dẫn đầu nguồn cung cũng như tỷ lệ lấp đầy tại thị trường bất động sản khu công nghiệp phía Bắc, theo Savills.
"
https://vnexpress.net/kinh-doanh/bat-dong-san,https://vnexpress.net/suc-hap-dan-cua-can-ho-nghi-duong-da-nang-tai-sun-marina-town-4396918.html,Sức hấp dẫn của căn hộ nghỉ dưỡng đa năng tại Sun Marina Town,"
Căn hộ nghỉ dưỡng đa năng tại Sun Marina Town vừa đảm bảo sự riêng tư với một phòng ngủ, vừa linh hoạt biến đổi phần không gian đa năng để gia tăng trải nghiệm nghỉ dưỡng.
"
https://vnexpress.net/kinh-doanh/bat-dong-san,https://vnexpress.net/tiem-nang-dau-tu-dat-nen-ven-bien-dip-cuoi-nam-4396969.html,Tiềm năng đầu tư đất nền ven biển dịp cuối năm,"
Dịp cuối năm, thị trường đất nền ven biển tại những địa danh nổi tiếng như Quy Nhơn trở nên sôi động hơn bởi không ít dự án rục rịch bung hàng.
"
https://vnexpress.net/kinh-doanh/bat-dong-san,https://vnexpress.net/bat-dong-san-tp-tan-an-tang-suc-bat-nho-ha-tang-4396827.html,Bất động sản TP Tân An tăng sức bật nhờ hạ tầng,"
Hạ tầng giao thông, khu công nghiệp, công trình công cộng… tại TP Tân An và toàn tỉnh Long An đang được đầu tư mạnh.
"
https://vnexpress.net/kinh-doanh/bat-dong-san,,,
category,url,title,text
https://vnexpress.net/kinh-doanh/quoc-te,https://vnexpress.net/goldman-sachs-ha-du-bao-tang-truong-cua-my-4398536.html,Goldman Sachs hạ dự báo tăng trưởng của Mỹ,"
Các nhà kinh tế của Goldman Sachs Group đã hạ dự báo tăng trưởng kinh tế Mỹ năm nay và năm tới, sau khi cân nhắc về tác động của biến chủng Omicron.
"
https://vnexpress.net/kinh-doanh/quoc-te,https://vnexpress.net/elon-musk-mat-hon-15-ty-usd-trong-mot-ngay-4398506.html,Elon Musk mất hơn 15 tỷ USD trong một ngày,"
CEO Elon Musk mất 15,2 tỷ USD sau khi cổ phiếu Tesla giảm trong phiên giao dịch hôm qua (3/12).
"
https://vnexpress.net/kinh-doanh/quoc-te,https://vnexpress.net/bitcoin-roi-thang-ve-46-000-usd-4398452.html,Bitcoin rơi thẳng về 46.000 USD,"
Đồng tiền mã hóa lớn nhất thế giới vừa mất 17% trong 24 giờ qua, có lúc thậm chí tụt về 43.000 USD.
"
https://vnexpress.net/kinh-doanh/quoc-te,https://vnexpress.net/nguoi-giau-nhat-chau-a-tin-tuong-cong-nghe-blockchain-4398313.html,Người giàu nhất châu Á 'tin tưởng' công nghệ blockchain,"
Mukesh Ambani nhận thấy lợi ích của khối chuỗi và kỳ vọng nó mang lại thịnh vượng đồng đều cho toàn xã hội.
"
https://vnexpress.net/kinh-doanh/quoc-te,,,"
Báo cáo mới nhất của Mỹ khẳng định lại kết luận hồi tháng 4, rằng Việt Nam không thao túng tỷ giá theo Đạo luật 1988.
"
https://vnexpress.net/kinh-doanh/quoc-te,https://vnexpress.net/gia-vang-the-gioi-giam-tuan-thu-3-lien-tiep-4398299.html,Giá vàng thế giới giảm tuần thứ 3 liên tiếp,"
Kim loại quý chốt phiên hôm qua tăng gần 1%, nhưng tính chung cả tuần lại giảm 0,4%,
"
https://vnexpress.net/kinh-doanh/quoc-te,,,
https://vnexpress.net/kinh-doanh/quoc-te,https://vnexpress.net/ba-moi-de-doa-voi-cac-nen-kinh-te-moi-noi-nam-2022-4397924.html,Ba mối đe dọa với các nền kinh tế mới nổi năm 2022,"
Mỹ thắt chặt chính sách tiền tệ, kinh tế Trung Quốc chậm lại và biến thể Omicron là ba rủi ro lớn với các thị trường mới nổi năm sau.
"
https://vnexpress.net/kinh-doanh/quoc-te,https://vnexpress.net/pho-tuong-cua-warren-buffett-thi-truong-gio-con-dien-cuong-hon-bong-bong-dotcom-4398136.html,Phó tướng của Warren Buffett: Thị trường giờ còn điên cuồng hơn bong bóng dotcom,"
Charlie Munger nghĩ chứng khoán đang bị định giá quá cao, khi chỉ số S&P 500 đã tăng hơn gấp đôi kể từ khi chạm đáy tháng 3/2020.
"
https://vnexpress.net/kinh-doanh/quoc-te,https://vnexpress.net/uber-trung-quoc-rut-niem-yet-tai-my-4397971.html,'Uber Trung Quốc' rút niêm yết tại Mỹ,"
Hãng gọi xe Didi cho biết đã bắt đầu quá trình rút niêm yết khỏi sàn NYSE để đáp ứng yêu cầu của Bắc Kinh.
"
https://vnexpress.net/kinh-doanh/quoc-te,https://vnexpress.net/gia-dau-troi-sut-khi-opec-nang-san-luong-4397935.html,Giá dầu trồi sụt khi OPEC+ nâng sản lượng,"
Dầu thô ban đầu giảm, nhưng sau đó tăng trở lại khi OPEC+ cho biết sẵn sàng điều chỉnh đột xuất nếu cần thiết.
"
https://vnexpress.net/kinh-doanh/quoc-te,https://vnexpress.net/dong-sang-lap-grab-thanh-ty-phu-trong-vai-gio-4397808.html,Đồng sáng lập Grab thành tỷ phú trong vài giờ,"
Anthony Tan có thời điểm sở hữu hơn 1 tỷ USD, nhưng chốt phiên chỉ còn 725 triệu USD vì cổ phiếu Grab biến động.
"
https://vnexpress.net/kinh-doanh/quoc-te,https://vnexpress.net/gia-vang-lai-ve-day-mot-thang-4397806.html,Giá vàng lại về đáy một tháng,"
Thị trường đi xuống khi nhà đầu tư bám vào các dấu hiệu Mỹ sẽ thắt chặt chính sách tiền tệ để kiềm chế lạm phát.
"
https://vnexpress.net/kinh-doanh/quoc-te,,,
https://vnexpress.net/kinh-doanh/quoc-te,https://vnexpress.net/elon-musk-spacex-va-tesla-la-y-tuong-kinh-doanh-ngo-ngan-nhat-4397671.html,Elon Musk: SpaceX và Tesla là ý tưởng kinh doanh ngớ ngẩn nhất,"
Musk thành lập SpaceX và làm CEO Tesla vì tin rằng các công ty này có thể thay đổi và làm cho thế giới tốt đẹp hơn.
"
https://vnexpress.net/kinh-doanh/quoc-te,https://vnexpress.net/von-dau-tu-mao-hiem-vao-startup-tien-so-tang-vot-4397543.html,Vốn đầu tư mạo hiểm vào startup tiền số tăng vọt,"
Chỉ trong 11 tháng đầu năm, số vốn đầu tư đổ vào các startup liên quan đến tiền số đã nhiều hơn 10 năm trước cộng lại.
"
https://vnexpress.net/kinh-doanh/quoc-te,https://vnexpress.net/cong-ty-cua-trump-lo-hen-tung-san-pham-dau-tien-4397337.html,Công ty của Trump lỡ hẹn tung sản phẩm đầu tiên,"
Tháng 11 đã trôi qua, và công ty truyền thông của Trump vẫn chưa ra mắt bản thử nghiệm của mạng xã hội Truth Social.
"
https://vnexpress.net/kinh-doanh/quoc-te,https://vnexpress.net/gia-vang-the-gioi-tang-tro-lai-4397315.html,Giá vàng thế giới tăng trở lại,"
Nhà đầu tư mua vào kim loại quý khi giá thấp, kéo vàng lên cao trong phiên giao dịch 1/12.
"
https://vnexpress.net/kinh-doanh/quoc-te,https://vnexpress.net/oecd-lam-phat-la-rui-ro-chinh-voi-kinh-te-toan-cau-4397209.html,OECD: Lạm phát là rủi ro chính với kinh tế toàn cầu,"
Rủi ro chính với kinh tế toàn cầu là lạm phát kéo dài hơn với mức tăng cao hơn dự kiến hiện tại, theo OECD.
"
https://vnexpress.net/kinh-doanh/quoc-te,https://vnexpress.net/thoi-quen-buoi-toi-cua-bill-gates-4397168.html,Thói quen buổi tối của Bill Gates,"
Rửa bát sau khi ăn và đọc sách trước khi đi ngủ giúp tỷ phú thư giãn sau giờ làm việc và tích lũy kiến thức.
"
https://vnexpress.net/kinh-doanh/quoc-te,,,
https://vnexpress.net/kinh-doanh/quoc-te,https://vnexpress.net/dan-my-do-xo-nghi-viec-de-lam-chu-4396551.html,Dân Mỹ đổ xô nghỉ việc để làm chủ,"
Covid-19 khiến tinh thần tự làm chủ lên cao chưa từng có, khi hàng trăm nghìn người bỏ việc để làm tự do hoặc mở công ty.
"
https://vnexpress.net/kinh-doanh/quoc-te,https://vnexpress.net/lam-phat-chau-au-cao-nhat-24-nam-4396822.html,Lạm phát châu Âu cao nhất 24 năm,"
Giá nhiên liệu tăng kéo lạm phát tại các nước châu Âu lên gần 5% tháng trước.
"
https://vnexpress.net/kinh-doanh/quoc-te,https://vnexpress.net/tel-aviv-la-thanh-pho-dat-do-nhat-the-gioi-4396807.html,Tel Aviv là thành phố đắt đỏ nhất thế giới,"
Nguyên nhân chính là đồng Shekel của Israel tăng giá mạnh nhờ chương trình tiêm chủng vaccine Covid-19 nhanh hàng đầu thế giới.
"
https://vnexpress.net/kinh-doanh/quoc-te,https://vnexpress.net/gia-vang-the-gioi-xuong-day-1-thang-4396789.html,Giá vàng thế giới xuống đáy 1 tháng,"
Kim loại quý giảm về sát 1.770 USD một ounce do bình luận mang tính thắt chặt của Chủ tịch Fed.
"
https://vnexpress.net/kinh-doanh/quoc-te,https://vnexpress.net/chung-khoan-toan-cau-lai-bi-ban-thao-4396607.html,Chứng khoán toàn cầu lại bị bán tháo,"
Các thị trường lớn tại châu Á và châu Âu đều đi xuống sau bình luận của CEO Moderna về hiệu quả vaccine với Omicron.
"
https://vnexpress.net/kinh-doanh/quoc-te,https://vnexpress.net/con-gai-ong-chu-zara-tiep-quan-chuc-chu-tich-inditex-4396713.html,Con gái ông chủ Zara tiếp quản chức Chủ tịch Inditex,"
Bà Marta Ortega sẽ thay thế Pablo Isla dẫn dắt tập đoàn thời trang lớn nhất thế giới.
"
https://vnexpress.net/kinh-doanh/quoc-te,,,
https://vnexpress.net/kinh-doanh/quoc-te,https://vnexpress.net/von-hoa-alibaba-boc-hoi-gan-500-ty-usd-sau-mot-nam-4396507.html,Vốn hóa Alibaba 'bốc hơi' gần 500 tỷ USD sau một năm,"
Từ khi Bắc Kinh hoãn IPO của Ant Group tháng 11 năm ngoái, vốn hóa của Alibaba đã giảm hơn một nửa, chỉ còn 358 tỷ USD.
"
https://vnexpress.net/kinh-doanh/quoc-te,https://vnexpress.net/fed-omicron-co-the-gay-3-tac-dong-len-kinh-te-my-4396315.html,Fed: Omicron có thể gây 3 tác động lên kinh tế Mỹ,"
Chủ tịch Fed lo người dân sợ ra ngoài làm việc, từ đó càng làm giảm tốc thị trường lao động và đứt gãy chuỗi cung ứng.
"
https://vnexpress.net/kinh-doanh/quoc-te,https://vnexpress.net/kich-ban-kinh-te-toan-cau-khi-xuat-hien-omicron-4396317.html,Kịch bản kinh tế toàn cầu khi xuất hiện Omicron,"
Biến chủng nCoV mới giáng đòn vào kỳ vọng phục hồi nhanh trong năm tới, nhưng mức độ ảnh hưởng có thể không quá nghiêm trọng.
"
https://vnexpress.net/kinh-doanh/quoc-te,https://vnexpress.net/gia-vang-the-gioi-tiep-tuc-di-xuong-4396313.html,Giá vàng thế giới tiếp tục đi xuống,"
Đà giảm của kim loại quý kéo dài do đồng đôla mạnh lên và tâm lý nhà đầu tư với biến chủng Omicron được cải thiện.
"
https://vnexpress.net/kinh-doanh/quoc-te,https://vnexpress.net/cach-cong-ty-nhat-ban-ton-tai-1-400-nam-4396124.html,Cách công ty Nhật Bản tồn tại 1.400 năm,"
Kongo Gumi được thành lập năm 578 để xây chùa Shitenno-ji – một công trình kiến trúc quốc gia khổng lồ.
"
https://vnexpress.net/kinh-doanh/quoc-te,https://vnexpress.net/doanh-nghiep-my-de-chung-voi-bien-the-omicron-4396149.html,Doanh nghiệp Mỹ dè chừng với biến thể Omicron,"
Các công ty Mỹ đang phản ứng với biến thể Omicron với sự pha trộn của lo lắng, bối rối nhưng cũng khá thận trọng, theo ghi nhận của WSJ.
"
https://vnexpress.net/kinh-doanh/quoc-te,,,
category,url,title,text
https://vnexpress.net/giai-tri/phim,https://vnexpress.net/eternals-khi-sieu-anh-hung-la-nhung-quan-co-4397913.html,'Eternals': Khi siêu anh hùng là những quân cờ,"
Trong ""Eternals"" - bom tấn Marvel Angelina Jolie đóng, các siêu anh hùng tự chất vấn họ có là người tốt.
"
https://vnexpress.net/giai-tri/phim,https://vnexpress.net/sao-goc-viet-vao-top-dien-vien-dot-pha-cua-nam-4397914.html,Sao gốc Việt vào top diễn viên đột phá của năm,"
Nữ diễn viên Kelly Marie Trần vào top 10 diễn viên đột phá trong năm do trang IMDb bình chọn.
"
https://vnexpress.net/giai-tri/phim,https://vnexpress.net/bay-phim-han-len-song-thang-12-4397755.html,Bảy phim Hàn lên sóng tháng 12,"
Gong Yoo du hành lên mặt trăng trong ""Biển tĩnh lặng"", Jisoo - thành viên Blackpink - nhận vai chính đầu tay phim ""Snowdrop"".
"
https://vnexpress.net/giai-tri/phim,https://vnexpress.net/vo-chong-thu-trang-lam-phim-hai-ve-dan-van-phong-4397956.html,Vợ chồng Thu Trang làm phim hài về dân văn phòng,"
Thu Trang - Tiến Luật mang chuyện công sở lên màn ảnh với sit-com ""Đi làm có gì vui"".
"
https://vnexpress.net/giai-tri/phim,https://vnexpress.net/loat-phim-ra-rap-viet-thang-12-4397108.html,Loạt phim ra rạp Việt tháng 12,"
Nhiều bom tấn hành động, siêu anh hùng như ""Người Nhện 3"", ""Ma trận 4"" ra rạp dịp cuối năm sau quãng thời gian bị hoãn chiếu vì dịch.
"
https://vnexpress.net/giai-tri/phim,https://vnexpress.net/phim-cuoi-cung-quay-o-tu-cam-thanh-4396967.html,Phim cuối cùng quay ở Tử Cấm Thành,"
"
https://vnexpress.net/giai-tri/phim,,,
https://vnexpress.net/giai-tri/phim,https://vnexpress.net/sao-squid-game-dong-money-heist-ban-han-4397482.html,Sao 'Squid Game' đóng 'Money Heist' bản Hàn,"
Park Hae Soo - đóng Cho Sang Woo trong ""Squid Game"" - nhận vai tên cướp Berlin dự án ""Phi vụ triệu đô"" phiên bản Hàn.
"
https://vnexpress.net/giai-tri/phim,https://vnexpress.net/thuong-ngay-nang-ve-khi-me-nhieu-loi-4396798.html,'Thương ngày nắng về' - khi mẹ nhiều lời,"
Nhiều khán giả nói nhìn thấy mẹ trong hình ảnh bà Nga (Thanh Quý đóng) phim ""Thương ngày nắng về"".
"
https://vnexpress.net/giai-tri/phim,https://vnexpress.net/hong-kim-bao-dong-phim-cung-co-thien-lac-4396810.html,Hồng Kim Bảo đóng phim cùng Cổ Thiên Lạc,"
"
https://vnexpress.net/giai-tri/phim,https://vnexpress.net/fan-danh-nhau-khi-mua-ve-spider-man-3-4397049.html,Fan đánh nhau khi mua vé 'Spider-Man 3',"
"
https://vnexpress.net/giai-tri/phim,https://vnexpress.net/gia-dinh-gucci-chi-trich-phim-cua-lady-gaga-4396394.html,Gia đình Gucci chỉ trích phim của Lady Gaga,"
Những người thừa kế của Aldo Gucci nói phiền lòng khi phim ""House of Gucci"" bịa đặt, xúc phạm doanh nhân thời trang.
"
https://vnexpress.net/giai-tri/phim,https://vnexpress.net/hoac-kien-hoa-dong-phim-cua-lam-tam-nhu-4396346.html,Hoắc Kiến Hoa đóng phim của Lâm Tâm Như,"
"
https://vnexpress.net/giai-tri/phim,,,
https://vnexpress.net/giai-tri/phim,https://vnexpress.net/ban-hit-muoi-nam-cua-den-vau-duoc-lam-moi-4387787.html,Bản hit 'Mười năm' của Đen Vâu được làm mới,"
""Mười năm"" - bản rap gần 90 triệu lượt nghe của rapper Đen - được phối lại với dàn giao hưởng, dùng cho nhạc phim ""Rừng thế mạng"".
"
https://vnexpress.net/giai-tri/phim,https://vnexpress.net/hoat-hinh-disney-vuot-bom-tan-cua-lady-gaga-4395878.html,Hoạt hình Disney vượt bom tấn của Lady Gaga,"
"
https://vnexpress.net/giai-tri/phim,https://vnexpress.net/don-vi-gop-phan-lam-nen-thanh-cong-cua-mat-biec-va-bo-gia-4395941.html,Đơn vị góp phần làm nên thành công của 'Mắt Biếc' và 'Bố Già',"
Galaxy EE sản xuất 'Mắt Biếc' và phát hành 'Bố Già', hai bộ phim vừa nhận giải Bông sen vàng, Bông sen Bạc trong Liên hoan phim Việt Nam lần thứ 22.
"
https://vnexpress.net/giai-tri/phim,https://vnexpress.net/dien-vien-vut-sang-sau-21-nam-nho-squid-game-4395565.html,Diễn viên vụt sáng sau 21 năm nhờ 'Squid Game',"
Kim Joo Ryung - đóng ""Squid Game"" - nói hạnh phúc vì được khán giả chú ý sau 21 năm vô danh.
"
https://vnexpress.net/giai-tri/phim,https://vnexpress.net/tom-cruise-du-canh-may-bay-giua-khong-trung-4395536.html,Tom Cruise đu cánh máy bay giữa không trung,"
"
https://vnexpress.net/giai-tri/phim,https://vnexpress.net/thich-tieu-long-hoang-tu-vo-thuat-bi-che-het-thoi-4395288.html,Thích Tiểu Long - 'Hoàng tử võ thuật' bị chê hết thời,"
"
https://vnexpress.net/giai-tri/phim,,,
https://vnexpress.net/giai-tri/phim,https://vnexpress.net/dao-dien-ly-an-du-tham-do-cung-dan-sao-4395604.html,Đạo diễn Lý An dự thảm đỏ cùng dàn sao,"
"
https://vnexpress.net/giai-tri/phim,https://vnexpress.net/gia-tinh-van-doat-anh-hau-kim-ma-4395570.html,Giả Tịnh Văn đoạt Ảnh hậu Kim Mã,"
"
https://vnexpress.net/giai-tri/phim,https://vnexpress.net/em-gai-tran-thanh-dong-canh-hen-ho-sugar-daddy-4395112.html,Em gái Trấn Thành đóng cảnh hẹn hò 'sugar daddy',"
Uyển Ân - em gái Trấn Thành - áp lực khi đóng cảnh vòi vĩnh đại gia trong web drama ""Làng xóm cha cha cha"".
"
https://vnexpress.net/giai-tri/phim,https://vnexpress.net/pho-trong-lang-phim-nong-thon-hien-dai-hut-khan-gia-4394924.html,'Phố trong làng' - phim nông thôn hiện đại hút khán giả,"
""Phố trong làng"" thu hút nhờ kịch bản gần gũi, diễn xuất tự nhiên của Anh Tuấn, Đức Hiếu, Minh Thu.
"
https://vnexpress.net/giai-tri/phim,https://vnexpress.net/victor-vu-dao-dien-co-mau-lieu-4392656.html,Victor Vũ - đạo diễn có 'máu liều',"
Khi làm ""Thiên mệnh anh hùng"", Victor Vũ xem phim hơn 1.000 lần để chỉnh sửa, đặt cược sự nghiệp vào tác phẩm dã sử kinh phí 25 tỷ đồng.
"
https://vnexpress.net/giai-tri/phim,https://vnexpress.net/minh-hang-dong-nguoi-me-kho-tinh-4394918.html,Minh Hằng đóng người mẹ khó tính,"
Minh Hằng vào vai bà mẹ cầu toàn, khó tính của đứa con sáu tuổi trong phim ""Mẹ ác ma, cha thiên sứ"" do Vũ Ngọc Đãng đạo diễn.
"
https://vnexpress.net/giai-tri/phim,,,
https://vnexpress.net/giai-tri/phim,https://vnexpress.net/hoat-hinh-cuoc-chien-cua-po-dat-ba-giai-thuong-4393484.html,Hoạt hình ‘Cuộc chiến của PO’ đạt ba giải thưởng,"
Phim hoạt hình “Cuộc chiến của PO” thắng giải Vàng tại MMA Smarties APAC, Bạc và Đồng ở Smarties Việt Nam 2021.
"
https://vnexpress.net/giai-tri/phim,https://vnexpress.net/bom-tan-cua-ngo-kinh-an-khach-nhat-trung-quoc-4394270.html,Bom tấn của Ngô Kinh ăn khách nhất Trung Quốc,"
""Trường Tân Hồ"" - phim Ngô Kinh đóng chính - soán ngôi vua phòng vé Trung Quốc của ""Chiến lang 2"".
"
https://vnexpress.net/giai-tri/phim,https://vnexpress.net/lam-tam-nhu-dong-phim-ve-an-mang-4393880.html,Lâm Tâm Như đóng phim về án mạng,"
"
https://vnexpress.net/giai-tri/phim,https://vnexpress.net/hellbound-the-gioi-cuong-tin-4393155.html,'Hellbound': Thế giới cuồng tín,"
Loạt phim ""Hellbound"" (Bản án từ địa ngục) vẽ nên thế giới giả tưởng nơi con người sống lệ thuộc vào tôn giáo, thần thánh.
"
https://vnexpress.net/giai-tri/phim,https://vnexpress.net/rung-the-mang-he-lo-canh-sinh-ton-4392581.html,'Rừng thế mạng' hé lộ cảnh sinh tồn,"
Phim kinh dị ""Rừng thế mạng"" tung trailer giới thiệu cảnh nhân vật vượt thác, ăn ếch sống để sinh tồn trong rừng Tà Năng - Phan Dũng.
"
https://vnexpress.net/giai-tri/phim,https://vnexpress.net/victor-vu-mat-biec-doat-bong-sen-vang-vi-cham-cam-xuc-4391862.html,Victor Vũ: 'Mắt biếc đoạt Bông Sen Vàng vì chạm cảm xúc',"
Victor Vũ - đạo diễn ""Mắt biếc"" - cho rằng phim đoạt Bông Sen Vàng phần lớn nhờ cốt truyện giàu cảm xúc của nhà văn Nguyễn Nhật Ánh.
"
https://vnexpress.net/giai-tri/phim,,,
category,url,title,text
https://vnexpress.net/giai-tri/gioi-sao,https://vnexpress.net/khanh-my-toi-khong-so-e-4396936.html,Khánh My: 'Tôi không sợ ế',"
Khánh My nói không áp lực chuyện cưới chồng, sinh con, chọn cách sống thoải mái, được là chính mình ở tuổi 30.
"
https://vnexpress.net/giai-tri/gioi-sao,https://vnexpress.net/thuy-tien-toi-dang-quang-nho-cham-chi-4398660.html,Thùy Tiên: 'Tôi đăng quang nhờ chăm chỉ',"
"
https://vnexpress.net/giai-tri/gioi-sao,https://vnexpress.net/sac-voc-nu-chinh-thuong-ngay-nang-ve-4397983.html,Sắc vóc nữ chính 'Thương ngày nắng về',"
Huyền Lizzie - nữ chính phim ""Thương ngày nắng về"" - có gương mặt sáng, làn da trắng và gu thời trang thanh lịch.
"
https://vnexpress.net/giai-tri/gioi-sao,https://vnexpress.net/george-clooney-nghe-loi-vo-tu-choi-cat-xe-35-trieu-usd-4398680.html,George Clooney nghe lời vợ từ chối cát-xê 35 triệu USD,"
Tài tử George Clooney từ chối nhận cát-xê quảng cáo 35 triệu USD sau khi nghe vợ tư vấn.
"
https://vnexpress.net/giai-tri/gioi-sao,https://vnexpress.net/dao-dien-shin-jung-won-qua-doi-4398662.html,Đạo diễn Shin Jung Won qua đời,"
"
https://vnexpress.net/giai-tri/gioi-sao,https://vnexpress.net/vu-ngoc-dang-toi-li-4397371.html,Vũ Ngọc Đãng: 'Tôi lì',"
Vũ Ngọc Đãng tự nhận vốn tính lì đòn, sẵn sàng thử nghiệm cái mới, học người giỏi hơn, trong 20 năm làm phim.
"
https://vnexpress.net/giai-tri/gioi-sao,,,
https://vnexpress.net/giai-tri/gioi-sao,https://vnexpress.net/18-ngay-chinh-phuc-miss-grand-cua-thuy-tien-4398575.html,18 ngày chinh phục Miss Grand của Thùy Tiên,"
"
https://vnexpress.net/giai-tri/gioi-sao,https://vnexpress.net/thuy-tien-dang-quang-miss-grand-international-2021-4398496.html,Thùy Tiên đăng quang Miss Grand International 2021,"
"
https://vnexpress.net/giai-tri/gioi-sao,https://vnexpress.net/siu-black-toi-khong-con-nhieu-san-si-4396888.html,Siu Black: 'Tôi không còn nhiều sân si',"
Siu Black mỗi ngày vừa bế cháu vừa hát để rèn giọng, tìm niềm vui giữa lo toan cơm áo gạo tiền.
"
https://vnexpress.net/giai-tri/gioi-sao,https://vnexpress.net/ly-tu-that-phien-ban-nam-gay-sot-4398344.html,'Lý Tử Thất phiên bản nam' gây sốt,"
"
https://vnexpress.net/giai-tri/gioi-sao,https://vnexpress.net/ba-hoa-hau-thang-giai-trang-phuc-dan-toc-miss-grand-4398545.html,Ba hoa hậu thắng giải trang phục dân tộc Miss Grand,"
"
https://vnexpress.net/giai-tri/gioi-sao,https://vnexpress.net/lisa-nhom-blackpink-khoi-covid-19-4398531.html,Lisa nhóm Blackpink khỏi Covid-19,"
"
https://vnexpress.net/giai-tri/gioi-sao,,,
https://vnexpress.net/giai-tri/gioi-sao,https://vnexpress.net/ngoc-lan-nau-hu-tieu-chay-4384756.html,Ngọc Lan nấu hủ tiếu chay,"
Ngọc Lan nói không giỏi bếp núc nhưng có thời gian là học nấu hủ tiếu chay, các món dinh dưỡng, cho cô và con.
"
https://vnexpress.net/giai-tri/gioi-sao,https://vnexpress.net/nguoi-mau-khong-dut-tinh-trum-giai-tri-hong-kong-4398325.html,Người mẫu không dứt tình 'Trùm giải trí Hong Kong',"
Người mẫu Mandy Lieu coi tình cũ - ""trùm giải trí"" Châu Trác Hoa - như người thân, dù ông đang ngồi tù.
"
https://vnexpress.net/giai-tri/gioi-sao,https://vnexpress.net/cac-ung-vien-sang-gia-cho-danh-hieu-miss-grand-2021-4398384.html,Các ứng viên sáng giá cho danh hiệu Miss Grand 2021,"
"
https://vnexpress.net/giai-tri/gioi-sao,https://vnexpress.net/dung-nhan-dan-thi-sinh-miss-universe-4398347.html,Dung nhan dàn thí sinh Miss Universe,"
Kim Duyên trang điểm sắc sảo, chụp ảnh chân dung cùng dàn thí sinh Miss Universe.
"
https://vnexpress.net/giai-tri/gioi-sao,https://vnexpress.net/phien-cho-ngay-mai-thu-hut-nhieu-nguoi-noi-tieng-4397237.html,'Phiên chợ ngày mai' thu hút nhiều người nổi tiếng,"
Tuyển thủ Đỗ Hùng Dũng đồng cảm với võ sĩ phải từ bỏ đôi găng tay vì chấn thương, diễn viên Phát La mua vật phẩm mà cảm giác nhận sự hi vọng của chủ nhân cũ...
"
https://vnexpress.net/giai-tri/gioi-sao,https://vnexpress.net/thuy-tien-nho-bi-che-toi-no-luc-o-miss-grand-4398002.html,"Thùy Tiên: 'Nhờ bị chê, tôi nỗ lực ở Miss Grand'","
"
https://vnexpress.net/giai-tri/gioi-sao,,,
https://vnexpress.net/giai-tri/gioi-sao,https://vnexpress.net/sao-gao-coi-tvb-phu-nhan-ban-hang-le-duong-4398102.html,Sao gạo cội TVB phủ nhận bán hàng lề đường,"
Tài tử gạo cội TVB Lê Diệu Tường khuyên fan không bận tâm tin đồn anh sống chật vật, bán hàng lề đường.
"
https://vnexpress.net/giai-tri/gioi-sao,https://vnexpress.net/my-nhan-18-tuoi-thi-miss-world-4397981.html,Mỹ nhân 18 tuổi thi Miss World,"
Sade Greenwood - 18 tuổi, đại diện Sri Lanka tại Miss World 2021 - có gương mặt ngây thơ, thân hình cân đối.
"
https://vnexpress.net/giai-tri/gioi-sao,https://vnexpress.net/19-nam-hon-nhan-cua-mai-thu-huyen-4397593.html,19 năm hôn nhân của Mai Thu Huyền,"
Sau bảy năm quen biết - yêu đương và 19 năm chung sống, Mai Thu Huyền nói yêu chồng hơn mỗi ngày.
"
https://vnexpress.net/giai-tri/gioi-sao,https://vnexpress.net/dan-my-nhan-miss-grand-trong-trang-phuc-da-hoi-4398094.html,Dàn mỹ nhân Miss Grand trong trang phục dạ hội,"
"
https://vnexpress.net/giai-tri/gioi-sao,https://vnexpress.net/dung-mao-hut-fan-mot-thoi-cua-le-minh-4397979.html,Dung mạo hút fan một thời của Lê Minh,"
Thiên vương Hong Kong Lê Minh từng làm fan thổn thức vì hình tượng ""như nắng buổi bình minh"".
"
https://vnexpress.net/giai-tri/gioi-sao,https://vnexpress.net/nguoi-dep-miss-world-khoe-dang-tren-bien-4397876.html,Người đẹp Miss World khoe dáng trên biển,"
"
https://vnexpress.net/giai-tri/gioi-sao,,,
https://vnexpress.net/giai-tri/gioi-sao,https://vnexpress.net/vu-cong-ballet-dang-quang-hoa-hau-quoc-te-nhat-ban-4397867.html,Vũ công ballet đăng quang Hoa hậu Quốc tế Nhật Bản,"
"
https://vnexpress.net/giai-tri/gioi-sao,https://vnexpress.net/tran-khon-rut-khoi-cong-ty-lien-quan-trieu-vy-4397860.html,Trần Khôn rút khỏi công ty liên quan Triệu Vy,"
"
https://vnexpress.net/giai-tri/gioi-sao,https://vnexpress.net/britney-spears-don-sinh-nhat-ben-chong-sap-cuoi-4397850.html,Britney Spears đón sinh nhật bên chồng sắp cưới,"
"
https://vnexpress.net/giai-tri/gioi-sao,https://vnexpress.net/thuy-tien-dien-ao-tam-vay-da-hoi-o-ban-ket-miss-grand-4397783.html,"Thùy Tiên diễn áo tắm, váy dạ hội ở bán kết Miss Grand","
"
https://vnexpress.net/giai-tri/gioi-sao,https://vnexpress.net/ly-tu-that-toi-chua-co-nha-oto-4397629.html,"Lý Tử Thất: 'Tôi chưa có nhà, ôtô'","
"
https://vnexpress.net/giai-tri/gioi-sao,https://vnexpress.net/song-hye-kyo-bi-cong-kich-4397539.html,Song Hye Kyo bị công kích,"
"
https://vnexpress.net/giai-tri/gioi-sao,,,
category,url,title,text
https://vnexpress.net/kinh-doanh/vi-mo,https://vnexpress.net/ong-nguyen-thanh-phong-nen-kinh-te-thiet-hai-37-ty-usd-vi-covid-19-4398704.html,Ông Nguyễn Thành Phong: Nền kinh tế thiệt hại 37 tỷ USD vì Covid-19,"
Phó trưởng ban Kinh tế trung ương tính toán, Covid-19 đã khiến nền kinh tế Việt Nam bị thiệt hại khoảng 847.000 tỷ đồng trong 2 năm qua.
"
https://vnexpress.net/kinh-doanh/vi-mo,https://vnexpress.net/chuyen-gia-quy-mo-goi-phuc-hoi-kinh-te-co-the-toi-666-000-ty-4398654.html,Chuyên gia: Quy mô gói phục hồi kinh tế có thể tới 666.000 tỷ,"
Quy mô gói phục hồi kinh tế, theo tính toán của các chuyên gia kinh tế, khoảng 5,5-8% GDP, tức khoảng 445.760-666.000 tỷ đồng.
"
https://vnexpress.net/kinh-doanh/vi-mo,https://vnexpress.net/ong-nguyen-xuan-thanh-neu-phai-chong-lam-phat-chung-khoan-se-bi-anh-huong-4398397.html,"Ông Nguyễn Xuân Thành: Nếu phải chống lạm phát, chứng khoán sẽ bị ảnh hưởng","
Chuyên gia từ Fulbright cảnh báo, nếu áp lực lạm phát xuất hiện, Ngân hàng Nhà nước có khả năng thắt chặt tiền tệ, tác động đến thị trường chứng khoán.
"
https://vnexpress.net/kinh-doanh/vi-mo,,,"
Việc phát hành trái phiếu doanh nghiệp, nhất là doanh nghiệp bất động sản hoặc ngân hàng có liên quan, sẽ được thanh tra.
"
https://vnexpress.net/kinh-doanh/vi-mo,https://vnexpress.net/thu-ngan-sach-11-thang-vuot-dich-ca-nam-4398205.html,Thu ngân sách 11 tháng vượt đích cả năm,"
Giá dầu thô tăng cao, xuất nhập khẩu tăng mạnh cùng với thu nội địa sớm đạt dự toán giúp thu ngân sách “cán đích” dù chưa hết năm.
"
https://vnexpress.net/kinh-doanh/vi-mo,https://vnexpress.net/trai-phieu-doanh-nghiep-khong-tai-san-dam-bao-nguy-co-tang-nong-4397980.html,Trái phiếu doanh nghiệp không tài sản đảm bảo nguy cơ tăng nóng,"
Bộ trưởng Tài chính vừa yêu cầu thanh tra việc phát hành trái phiếu doanh nghiệp, đặc biệt loại không có tài sản đảm bảo.
"
https://vnexpress.net/kinh-doanh/vi-mo,,,
https://vnexpress.net/kinh-doanh/vi-mo,https://vnexpress.net/viet-nam-xuat-sieu-225-trieu-usd-sau-11-thang-4397895.html,Việt Nam xuất siêu 225 triệu USD sau 11 tháng,"
Tháng 11 tiếp tục xuất siêu 100 triệu USD, giúp cán cân thương mại của Việt Nam xoay chiều, xuất siêu trở lại sau 11 tháng.
"
https://vnexpress.net/kinh-doanh/vi-mo,https://vnexpress.net/tinh-toan-huy-dong-nguon-luc-tu-nhan-vao-phuc-hoi-kinh-te-4397747.html,Tính toán huy động nguồn lực tư nhân vào phục hồi kinh tế,"
Ngoài chính sách về tài khoá, tiền tệ là cốt lõi, chương trình phục hồi kinh tế còn huy động nguồn lực từ các quỹ ngoài ngân sách, quỹ doanh nghiệp và khu vực tư nhân.
"
https://vnexpress.net/kinh-doanh/vi-mo,https://vnexpress.net/quoc-hoi-se-nghe-y-kien-chuyen-gia-ve-goi-phuc-hoi-kinh-te-4397694.html,Quốc hội sẽ nghe ý kiến chuyên gia về gói phục hồi kinh tế,"
Quốc hội sẽ tổ chức diễn đàn kinh tế, lắng nghe ý kiến chuyên gia về gói hỗ trợ phục hồi phát triển kinh tế xã hội, theo ông Vũ Hồng Thanh.
"
https://vnexpress.net/kinh-doanh/vi-mo,https://vnexpress.net/tp-hcm-lot-top-6-toan-cau-ve-noi-lam-viec-tot-nhat-cho-nguoi-nuoc-ngoai-4397503.html,TP HCM lọt top 6 toàn cầu về nơi làm việc tốt nhất cho người nước ngoài,"
TP HCM đứng thứ 6 trong top 10 thành phố tốt nhất cho người nước ngoài sinh sống và xếp thứ 3 Đông Nam Á sau Kuala Lumpur, Singapore.
"
https://vnexpress.net/kinh-doanh/vi-mo,https://vnexpress.net/gan-12-000-oto-dang-ky-truoc-ba-mot-ngay-4397276.html,Gần 12.000 ôtô đăng ký trước bạ một ngày,"
Lượng xe nội đăng ký trong ngày đầu giảm phí trước bạ đạt gần 12.000 chiếc, tăng gấp 10 lần so với những ngày trước.
"
https://vnexpress.net/kinh-doanh/vi-mo,https://vnexpress.net/viet-nam-co-the-thanh-trung-tam-cua-dien-gio-ngoai-khoi-4397190.html,Việt Nam có thể thành trung tâm của điện gió ngoài khơi,"
Điện gió ngoài khơi sẽ giúp thay thế dần nguồn điện than nhưng chuyên gia cho rằng, năng lượng này cần có ""đất"" phát triển bằng cơ chế rõ ràng.
"
https://vnexpress.net/kinh-doanh/vi-mo,,,
https://vnexpress.net/kinh-doanh/vi-mo,https://vnexpress.net/viet-nam-lot-top-5-nuoc-co-chi-so-ket-noi-thuong-mai-an-tuong-4397227.html,Việt Nam lọt top 5 nước có chỉ số kết nối thương mại ấn tượng,"
Việt Nam lọt nhóm có kết quả ấn tượng về cải thiện, kết nối thương mại quốc tế trong 20 năm, cùng Mexico, Hà Lan, Cộng hoà Sierra, UAE.
"
https://vnexpress.net/kinh-doanh/vi-mo,https://vnexpress.net/de-xuat-gia-han-gia-fit-cho-du-an-dien-gio-chua-kip-ve-dich-4397020.html,Đề xuất gia hạn giá FIT cho dự án điện gió chưa kịp về đích,"
Chuyên gia, nhà đầu tư đề xuất thêm thời gian giá ưu đãi (FIT) cho dự án điện gió vì lý do khách quan chưa kịp vận hành thương mại trước 1/11.
"
https://vnexpress.net/kinh-doanh/vi-mo,https://vnexpress.net/dien-gio-mat-troi-se-phat-trien-ra-sao-sau-cam-ket-cop-26-4396638.html,"Điện gió, mặt trời sẽ phát triển ra sao sau cam kết COP 26?","
Các nguồn điện sạch, gồm điện khí, gió, mặt trời... sẽ chiếm tỷ trọng 75% tổng công suất, góp khoảng 70% sản lượng hệ thống đến năm 2045.
"
https://vnexpress.net/kinh-doanh/vi-mo,https://vnexpress.net/du-dia-thoi-gian-cho-goi-ho-tro-khong-con-nhieu-4396630.html,'Dư địa thời gian' cho gói hỗ trợ không còn nhiều,"
Gói hỗ trợ quan trọng nhất lúc này theo các chuyên gia phải thực hiện nhanh, khi các nước đã đi đến cuối đoạn đường.
"
https://vnexpress.net/kinh-doanh/vi-mo,https://vnexpress.net/cpi-11-thang-tang-thap-nhat-5-nam-4395919.html,CPI 11 tháng tăng thấp nhất 5 năm,"
Chỉ số giá tiêu dùng trong 11 tháng tăng 1,84% so với cùng kỳ năm ngoái, mức tăng thấp nhất từ năm 2016, theo Tổng cục Thống kê.
"
https://vnexpress.net/kinh-doanh/vi-mo,,,"
Số doanh nghiệp thành lập mới tháng 11 tăng gần 45% so với tháng 10, với số vốn đăng ký và số lao động cùng tăng trên 30%.
"
https://vnexpress.net/kinh-doanh/vi-mo,,,
https://vnexpress.net/kinh-doanh/vi-mo,https://vnexpress.net/cach-hut-von-dau-tu-cho-nang-luong-tai-tao-4395302.html,Cách hút vốn đầu tư cho năng lượng tái tạo,"
Đến cuối tháng 10, năng lượng tái tạo chiếm khoảng 28% tổng công suất đặt hệ thống điện, nhưng sản lượng chỉ góp khoảng 8%.
"
https://vnexpress.net/kinh-doanh/vi-mo,https://vnexpress.net/siet-thoi-phong-cong-dung-thuc-pham-trong-ban-hang-da-cap-4395372.html,Siết 'thổi phồng' công dụng thực phẩm trong bán hàng đa cấp,"
Cơ quan quản lý đề xuất thêm công cụ, chế tài xử lý việc thổi phồng công dụng sản phẩm, thực phẩm bán theo hình thức đa cấp đang diễn ra phổ biến.
"
https://vnexpress.net/kinh-doanh/vi-mo,https://vnexpress.net/can-khuyen-khich-phat-trien-thi-truong-quyen-su-dung-dat-4395155.html,'Cần khuyến khích phát triển thị trường quyền sử dụng đất',"
Khuyến khích phát triển thị trường quyền sử dụng đất sẽ tạo điều kiện tích tụ ruộng đất, phát triển vùng chuyên canh, theo Chủ tịch Liên minh Hợp tác xã.
"
https://vnexpress.net/kinh-doanh/vi-mo,https://vnexpress.net/mien-bac-nguy-co-thieu-dien-trong-nam-2022-4395017.html,Miền Bắc nguy cơ thiếu điện trong năm 2022,"
Theo tính toán của EVN, miền Bắc sẽ thiếu khoảng 1.500-2.400 MW trong một số giờ cao điểm hoặc thời tiết cực đoan trong năm 2022.
"
https://vnexpress.net/kinh-doanh/vi-mo,https://vnexpress.net/giam-50-phi-truoc-ba-voi-oto-lap-rap-trong-nuoc-4394814.html,Giảm 50% phí trước bạ với ôtô lắp ráp trong nước,"
Từ 1/12 đến hết tháng 5 năm sau, ôtô lắp ráp, sản xuất trong nước được giảm 50% lệ phí trước bạ lần đầu, theo Nghị định vừa được ký.
"
https://vnexpress.net/kinh-doanh/vi-mo,https://vnexpress.net/giam-lai-suat-vay-ngan-hang-chinh-sach-xa-hoi-4395150.html,Giảm lãi suất vay Ngân hàng chính sách xã hội,"
Các khoản vay tín dụng chính sách tại Ngân hàng Chính sách xã hội sẽ được giảm 10% lãi suất so với hiện hành.
"
https://vnexpress.net/kinh-doanh/vi-mo,,,
https://vnexpress.net/kinh-doanh/vi-mo,,,"
Chịu ảnh hưởng của Covid-19 nhưng thương mại điện tử Việt Nam vẫn tăng trưởng khoảng 18% trong mùa dịch.
"
https://vnexpress.net/kinh-doanh/vi-mo,https://vnexpress.net/thu-tuong-se-mo-lai-duong-bay-quoc-te-tu-thang-12-4394470.html,Thủ tướng: 'Sẽ mở lại đường bay quốc tế từ tháng 12',"
Thủ tướng Phạm Minh Chính cho biết Việt Nam dự kiến đầu tháng 12 mở lại các đường bay quốc tế, trong đó có chặng sang Nhật Bản.
"
https://vnexpress.net/kinh-doanh/vi-mo,https://vnexpress.net/doanh-nghiep-chau-au-tin-viet-nam-phuc-hoi-nhanh-sau-dai-dich-4394419.html,Doanh nghiệp châu Âu tin Việt Nam phục hồi nhanh sau đại dịch,"
Các doanh nghiệp châu Âu tin việc đẩy nhanh cải thiện môi trường kinh doanh, pháp lý và cải cách thể chế sẽ giúp Việt Nam phục hồi nhanh sau đại dịch.
"
https://vnexpress.net/kinh-doanh/vi-mo,https://vnexpress.net/du-kien-giam-50-thue-bao-ve-moi-truong-voi-nhien-lieu-bay-4394441.html,Dự kiến giảm 50% thuế bảo vệ môi trường với nhiên liệu bay,"
Bộ Tài chính đề xuất giảm 50% thuế bảo vệ môi trường với nhiên liệu bay trong cả năm 2022 để hỗ trợ ngành hàng không.
"
https://vnexpress.net/kinh-doanh/vi-mo,https://vnexpress.net/eurocham-de-xuat-giam-50-phi-truoc-ba-voi-oto-dien-nhap-khau-4394361.html,EuroCham đề xuất giảm 50% phí trước bạ với ôtô điện nhập khẩu,"
Phí trước bạ với ôtô điện nhập khẩu nên giảm một nửa trong 3-5 năm, theo khuyến nghị của EuroCham.
"
https://vnexpress.net/kinh-doanh/vi-mo,https://vnexpress.net/thu-tuong-pham-minh-chinh-nhat-ban-co-the-manh-viet-nam-co-co-hoi-4394274.html,"Thủ tướng Phạm Minh Chính: Nhật Bản có thế mạnh, Việt Nam có cơ hội","
Chia sẻ tại Tokyo, Thủ tướng khẳng định không chỉ tạo môi trường kinh doanh thuận lợi mà sẽ đảm bảo nhà đầu tư “cảm thấy an toàn khi ở Việt Nam”.
"
https://vnexpress.net/kinh-doanh/vi-mo,,,
category,url,title,text
https://vnexpress.net/the-gioi/tu-lieu,https://vnexpress.net/song-bai-macau-lao-dao-4397551.html,Sòng bài Macau lao đao,Các hạn chế chống dịch và nỗ lực giảm bất bình đẳng xã hội của Trung Quốc giáng đòn lên các sòng bài Macau. 
https://vnexpress.net/the-gioi/tu-lieu,https://vnexpress.net/ba-con-trai-quyen-luc-cua-thu-tuong-hun-sen-4398503.html,Ba con trai quyền lực của Thủ tướng Hun Sen,"Ba con trai của Thủ tướng Hun Sen đang giữ vị trí quan trọng ở Campuchia, trong đó người con cả Hun Manet được ông ủng hộ nối nghiệp."
https://vnexpress.net/the-gioi/tu-lieu,https://vnexpress.net/noi-hoai-niem-tu-ban-nhac-trong-le-chia-tay-merkel-4398328.html,Nỗi hoài niệm từ bản nhạc trong lễ chia tay Merkel,Các bài hát Merkel chọn trong lễ chia tay của quân đội Đức dường như thể hiện nỗi hoài niệm tuổi trẻ của bà và hy vọng vào tương lai.
https://vnexpress.net/the-gioi/tu-lieu,https://vnexpress.net/hanh-trinh-giai-cuu-co-dau-9-tuoi-afghanistan-4397830.html,Hành trình giải cứu 'cô dâu 9 tuổi' Afghanistan,"Trên chuyến xe rời khu trại tị nạn ở phía tây bắc Afghanistan, người mẹ trẻ Reza Gul đang ghì chặt 6 đứa con bé bỏng của mình."
https://vnexpress.net/the-gioi/tu-lieu,https://vnexpress.net/cuoc-dua-toan-cau-giai-ma-omicron-4396043.html,Cuộc đua toàn cầu giải mã Omicron,Hàng chục nhóm nghiên cứu khắp thế giới đang chạy đua với thời gian để phân tích Omicron và làm rõ mức độ hiệu quả của vaccine với biến chủng.
https://vnexpress.net/the-gioi/tu-lieu,https://vnexpress.net/chau-a-dung-thanh-luy-ngan-omicron-4397309.html,Châu Á dựng thành lũy ngăn Omicron,"Dù mức độ đe dọa của Omicron vẫn chưa rõ ràng, hàng loạt quốc gia châu Á siết chặt hạn chế nhập cảnh và cách ly để ngăn biến chủng lây lan."
https://vnexpress.net/the-gioi/tu-lieu,,,
https://vnexpress.net/the-gioi/tu-lieu,https://vnexpress.net/50-nam-uae-tu-leu-tranh-hoa-cao-oc-choc-troi-4396513.html,50 năm UAE từ lều tranh hóa cao ốc chọc trời,"Ehab Fouad vẫn nhớ như in ngày 2/12/1971, khi ông giơ cao ảnh của người lập quốc Zayed bin Sultan Al-Nahyan và lần đầu nhìn thấy quốc kỳ mới của UAE."
https://vnexpress.net/the-gioi/tu-lieu,https://vnexpress.net/hanh-trinh-tu-khu-o-chuot-toi-ty-phu-anh-4396288.html,Hành trình từ khu ổ chuột tới tỷ phú Anh,"Peter Done từng phải dùng chung phòng ngủ với anh trai và hai em gái trong căn nhà nhỏ ở Ordsall, nơi được gọi là ""khu ổ chuột của Salford""."
https://vnexpress.net/the-gioi/tu-lieu,https://vnexpress.net/chuyen-bay-phoi-bay-lo-hong-chong-dich-toan-cau-4396767.html,Chuyến bay phơi bày lỗ hổng chống dịch toàn cầu,"Với hàng trăm hành khách từ Nam Phi đến Amsterdam, chuyến bay KL592 hôm 26/11 ban đầu cũng giống bao hành trình được cho là bình thường khác thời Covid-19."
https://vnexpress.net/the-gioi/tu-lieu,https://vnexpress.net/chien-dich-tiem-chung-nhieu-trac-tro-tai-diem-nong-omicron-4396544.html,Chiến dịch tiêm chủng nhiều trắc trở tại điểm nóng Omicron,"Nam Phi, nơi số ca nhiễm biến chủng Omicron đang tăng nhanh, từng phải từ chối nhận thêm vaccine do vô số khó khăn trong chiến dịch tiêm chủng."
https://vnexpress.net/the-gioi/tu-lieu,https://vnexpress.net/mac-ket-trong-cuoc-chien-phan-gian-han-trieu-4396286.html,Mắc kẹt trong cuộc chiến phản gián Hàn - Triều,"Song Chun-son nói rằng cô đào tẩu từ Triều Tiên sang Hàn Quốc với mong ước có một cuộc đời mới, nhưng mọi chuyện diễn ra không như kế hoạch."
https://vnexpress.net/the-gioi/tu-lieu,https://vnexpress.net/nhat-dung-thanh-luy-ngan-bien-chung-omicron-4396293.html,Nhật dựng thành lũy ngăn biến chủng Omicron,"Khi các nước khác siết đi lại với châu Phi vì biến chủng Omicron, Nhật nhanh chóng ban hành lệnh cấm nhập cảnh toàn bộ người nước ngoài."
https://vnexpress.net/the-gioi/tu-lieu,,,
https://vnexpress.net/the-gioi/tu-lieu,https://vnexpress.net/nhung-du-an-ha-tang-ty-do-thoi-thop-o-my-4396295.html,Những dự án hạ tầng tỷ đô 'thoi thóp' ở Mỹ,Dự án đường sắt 4 tỷ USD đầy tham vọng ở Honolulu đội vốn gấp ba lần và chưa thể hoàn thành sau hơn 10 năm thi công.
https://vnexpress.net/the-gioi/tu-lieu,https://vnexpress.net/omicron-cung-co-niem-tin-khong-covid-cua-trung-quoc-4396028.html,Omicron củng cố niềm tin 'không Covid' của Trung Quốc,"Giữa lúc các nước vội vã tìm cách ngăn biến chủng Omicron, Trung Quốc tỏ ra bình thản và tự tin vào chiến lược ""không Covid"" chặt chẽ của mình."
https://vnexpress.net/the-gioi/tu-lieu,https://vnexpress.net/nhung-nguoi-lu-hanh-kho-so-vi-omicron-4396040.html,Những người lữ hành khổ sở vì Omicron,Lauren Kennedy Brady hạ cánh ở Johannesburg ngày 26/11 với hàng loạt tin nhắn và tin tức cảnh báo về biến chủng Omicron mới xuất hiện tại Nam Phi.
https://vnexpress.net/the-gioi/tu-lieu,https://vnexpress.net/loat-ga-noi-cua-trump-that-the-4395868.html,Loạt 'gà nòi' của Trump thất thế,Hàng loạt ứng viên được cựu tổng thống Donald Trump ủng hộ đang thất thế trong cuộc đua vào Thượng viện Mỹ.
https://vnexpress.net/the-gioi/tu-lieu,https://vnexpress.net/qua-trinh-nam-phi-phat-hien-bien-chung-omicron-4395817.html,Quá trình Nam Phi phát hiện biến chủng Omicron,"Ngày 23/11, Tulio de Oliveira, giám đốc trung tâm ứng phó dịch bệnh Nam Phi, tiết lộ với đồng nghiệp bí mật về một biến chủng nCoV ""chưa từng thấy""."
https://vnexpress.net/the-gioi/tu-lieu,https://vnexpress.net/vu-khi-co-the-giup-trung-quoc-tu-bo-khong-covid-4393660.html,Vũ khí có thể giúp Trung Quốc từ bỏ 'không Covid',"Thuốc trị virus nội địa được coi là chìa khóa để Trung Quốc mở lối thoát khỏi chiến lược ""không Covid"", do ít dân số có miễn dịch tự nhiên."
https://vnexpress.net/the-gioi/tu-lieu,,,
https://vnexpress.net/the-gioi/tu-lieu,https://vnexpress.net/tu-che-thuoc-cuu-con-trai-mac-benh-nan-y-4394933.html,Tự chế thuốc cứu con trai mắc bệnh nan y,"Không thể mua được thuốc cho con trai đang chờ chết, Xu Wei tự lập phòng thí nghiệm ở Vân Nam duy trì sự sống cho bé."
https://vnexpress.net/the-gioi/tu-lieu,https://vnexpress.net/nhat-ban-canh-giac-truoc-song-ngam-covid-19-4394959.html,Nhật Bản cảnh giác trước 'sóng ngầm' Covid-19,"Số ca Covid-19 giảm mạnh vài tuần qua ở Nhật, trái ngược tình hình dịch ở châu Âu và một số nơi khác, đang khiến giới chuyên gia nước này bối rối."
https://vnexpress.net/the-gioi/tu-lieu,https://vnexpress.net/ly-do-bien-chung-omicron-gay-lo-ngai-4395210.html,Lý do biến chủng Omicron gây lo ngại,"Omicron khiến giới khoa học lo ngại vì số đột biến ""chưa từng có"", trong khi nhiều chuyên gia cho rằng biến chủng này còn nhiều bí ẩn cần giải đáp."
https://vnexpress.net/the-gioi/tu-lieu,https://vnexpress.net/song-covid-19-an-do-dao-chieu-trai-du-bao-4394502.html,Sóng Covid-19 Ấn Độ đảo chiều trái dự báo,"Giữa tháng 8, giới chức Ấn Độ cảnh báo làn sóng Covid-19 thứ ba ""không thể tránh"", nhưng đến ngày 23/11, số ca nhiễm nước này thấp nhất trong 18 tháng."
https://vnexpress.net/the-gioi/tu-lieu,https://vnexpress.net/nghich-ly-covid-19-giua-chau-au-va-chau-a-4394346.html,Nghịch lý Covid-19 giữa châu Âu và châu Á,"Dù dồi dào vaccine, châu Âu là nơi duy nhất trên thế giới liên tục tăng ca nCoV, trong khi châu Á duy trì đà giảm nhờ tăng tốc tiêm chủng."
https://vnexpress.net/the-gioi/tu-lieu,https://vnexpress.net/nu-thu-tuong-giu-chuc-7-gio-cua-thuy-dien-4394490.html,Nữ Thủ tướng giữ chức 7 giờ của Thụy Điển,"54 tuổi, với mái tóc vàng suôn thẳng và thái độ nghiêm túc, Andersson tự mô tả mình là một ""phụ nữ tốt bụng, chăm chỉ"", thích gánh vác trách nhiệm."
https://vnexpress.net/the-gioi/tu-lieu,,,
https://vnexpress.net/the-gioi/tu-lieu,https://vnexpress.net/tan-thu-tuong-duc-nguoi-dam-khi-chat-merkel-4394236.html,Tân Thủ tướng Đức - người đậm khí chất Merkel,"Phong cách nói chuyện rành mạch, hành động quyết đoán là những đặc điểm ""rất giống Merkel"" góp phần giúp Olaf Scholz đắc cử Thủ tướng Đức."
https://vnexpress.net/the-gioi/tu-lieu,https://vnexpress.net/tranh-cai-phu-bong-cuoc-dua-ghe-lanh-dao-interpol-4393727.html,Tranh cãi phủ bóng cuộc đua ghế lãnh đạo Interpol,Ứng viên tranh cử chức Chủ tịch và ủy viên điều hành Interpol vấp phải phản đối quyết liệt từ phương Tây do vướng nhiều tranh cãi.
https://vnexpress.net/the-gioi/tu-lieu,https://vnexpress.net/ly-do-covid-19-ha-nhiet-o-loat-diem-nong-chau-a-4393694.html,Lý do Covid-19 hạ nhiệt ở loạt điểm nóng châu Á,"Indonesia, Nhật và Ấn Độ từng hứng chịu sóng Covid-19 tồi tệ, nhưng các ca nhiễm gần đây giảm thẳng đứng, có thể do miễn dịch cộng đồng hoặc virus ""tự hủy""."
https://vnexpress.net/the-gioi/tu-lieu,https://vnexpress.net/my-that-the-truoc-trung-quoc-trong-cuoc-dua-vang-xanh-4393125.html,Mỹ thất thế trước Trung Quốc trong cuộc đua 'vàng xanh',"Để mất hai mỏ cobalt quan trọng ở châu Phi vào tay Trung Quốc, Mỹ thất thế trong nỗ lực kiểm soát nguồn nguyên liệu phục vụ mục tiêu năng lượng sạch."
https://vnexpress.net/the-gioi/tu-lieu,https://vnexpress.net/hanh-dien-lam-gai-e-o-trung-quoc-4393115.html,Hãnh diện làm 'gái ế' ở Trung Quốc,"Ở Trung Quốc, một phụ nữ ngoài 27 tuổi có học thức và chưa kết hôn sẽ bị mọi người gọi là ""gái ế""."
https://vnexpress.net/the-gioi/tu-lieu,https://vnexpress.net/chau-au-siet-vong-kim-co-chong-covid-19-4393091.html,Châu Âu siết 'vòng kim cô' chống Covid-19,"Áo phải tái áp lệnh phong tỏa, trong khi giới chức Đức cảnh báo người dân ""tiêm chủng, hồi phục hoặc là chết"" trước làn sóng Covid-19 mới."
https://vnexpress.net/the-gioi/tu-lieu,,,
category,url,title,text
https://vnexpress.net/giai-tri/sach,https://vnexpress.net/sach-vuot-len-nhung-con-duong-kinh-doanh-4397030.html,"Sách 'Vượt lên, những con đường kinh doanh'","
Tác giả Phan Minh Thông - Chủ tịch tập đoàn Phúc Sinh Group - tổng hợp kinh nghiệm kinh doanh trong ấn phẩm ra mắt hôm 25/11.
"
https://vnexpress.net/giai-tri/sach,https://vnexpress.net/thi-sang-tac-van-hoc-de-tai-cong-nhan-4393878.html,Thi sáng tác văn học đề tài công nhân,"
Cuộc thi sáng tác truyện ngắn, tiểu thuyết đề tài công nhân, công đoàn có tổng giá trị giải thưởng gần 2,5 tỷ đồng.
"
https://vnexpress.net/giai-tri/sach,https://vnexpress.net/doanh-nhan-han-viet-sach-ve-cuoc-song-sai-gon-4383275.html,Doanh nhân Hàn viết sách về cuộc sống Sài Gòn,"
Doanh nhân - kiến trúc sư Park Ji Hoon mô tả cuộc sống náo nhiệt với tiếng còi xe đặc trưng trong sách ""Park tiên sinh sống giữa Sài Gòn"".
"
https://vnexpress.net/giai-tri/sach,https://vnexpress.net/tien-si-ngon-ngu-viet-sach-ai-lam-dau-tieng-viet-4380264.html,Tiến sĩ ngôn ngữ viết sách 'Ai làm đau tiếng Việt?',"
Tiến sĩ ngôn ngữ Hồ Xuân Mai ra sách ""Ai làm đau tiếng Việt?"", bàn các lỗi phổ biến khiến tiếng Việt mất sự trong sáng.
"
https://vnexpress.net/giai-tri/sach,https://vnexpress.net/dostoevsky-nha-van-cua-luong-tri-4385665.html,Dostoevsky - nhà văn của lương tri,"
Các nhân vật của đại văn hào Nga Dostoevsky bị chèn ép trong xã hội nhiều bất công nhưng vẫn giữ được phần ""người"" trong tâm khảm.
"
https://vnexpress.net/giai-tri/sach,https://vnexpress.net/chuyen-bai-tho-cua-mot-nguoi-yeu-nuoc-minh-4384968.html,Chuyện 'Bài thơ của một người yêu nước mình',"
Lần đầu đăng trên báo Văn nghệ những năm 1970, bài thơ của Trần Vàng Sao đính kèm ghi chú ""Từ miền Nam gửi ra"".
"
https://vnexpress.net/giai-tri/sach,,,
https://vnexpress.net/giai-tri/sach,https://vnexpress.net/chang-hoang-da-gau-doat-giai-a-sach-quoc-gia-4384888.html,'Chang hoang dã - Gấu' đoạt giải A Sách Quốc gia,"
"
https://vnexpress.net/giai-tri/sach,https://vnexpress.net/hoang-cuc-doat-giai-viet-truyen-ngan-4384348.html,Hoàng Cúc đoạt giải viết truyện ngắn,"
Nghệ sĩ Hoàng Cúc đoạt giải tư cuộc thi viết truyện ngắn đề tài nông thôn do Hội Nhà văn Việt Nam tổ chức, sáng 11/11.
"
https://vnexpress.net/giai-tri/sach,https://vnexpress.net/tranh-cai-quanh-bai-tho-bay-buoc-thoi-tam-quoc-4383782.html,Tranh cãi quanh bài thơ bảy bước thời Tam Quốc,"
Một số nhà nghiên cứu cho rằng câu chuyện Tào Thực giữ được mạng nhờ hoàn thành ""Thất bộ thi"" sau bảy bước chân là ấu trĩ.
"
https://vnexpress.net/giai-tri/sach,https://vnexpress.net/nhom-ban-tre-dich-tho-viet-ra-nhieu-thu-tieng-4381012.html,Nhóm bạn trẻ dịch thơ Việt ra nhiều thứ tiếng,"
Nhóm bạn trẻ Việt Nam ở nước ngoài dịch sách thơ ""Đón Tết về nhà"" sang tiếng Anh, Pháp và Đức.
"
https://vnexpress.net/giai-tri/sach,https://vnexpress.net/hai-lan-duong-quy-phi-bi-vua-duoi-khoi-cung-4380856.html,Hai lần Dương Quý Phi bị vua đuổi khỏi cung,"
"
https://vnexpress.net/giai-tri/sach,https://vnexpress.net/ra-mat-sach-nhung-nguoi-phu-nu-be-nho-4380393.html,Ra mắt sách 'Những người phụ nữ bé nhỏ',"
Tiểu thuyết ""Những người phụ nữ bé nhỏ"" lấy cảm hứng từ cuộc sống của nhà văn Mỹ Louisa May Alcott.
"
https://vnexpress.net/giai-tri/sach,,,
https://vnexpress.net/giai-tri/sach,,,"
Hội đồng Giải thưởng Sách quốc gia sẽ trao hai giải A, chín giải B, 14 giải C cho 25 cuốn sách vào ngày 12/11 ở Hà Nội.
"
https://vnexpress.net/giai-tri/sach,https://vnexpress.net/tai-ban-nghin-le-mot-dem-4379303.html,Tái bản 'Nghìn lẻ một đêm',"
Sách ""Nghìn lẻ một đêm"" - bản dịch của Antoine Galland, nhà Đông phương học Pháp thế kỷ 18 - được tái bản.
"
https://vnexpress.net/giai-tri/sach,https://vnexpress.net/1-500-bai-thi-tho-nhan-nghia-dat-phuong-nam-4379481.html,1.500 bài thi thơ 'Nhân nghĩa đất phương Nam',"
""Nhân nghĩa đất phương Nam"" - cuộc thi sáng tác truyền cảm hứng lạc quan trong đại dịch - thu hút 1.500 bài thơ của hơn 600 tác giả.
"
https://vnexpress.net/giai-tri/sach,https://vnexpress.net/nha-van-trieu-xuan-qua-doi-4377238.html,Nhà văn Triệu Xuân qua đời,"
"
https://vnexpress.net/giai-tri/sach,https://vnexpress.net/luu-dinh-trieu-viet-sach-ve-du-ngoan-the-gioi-4373513.html,Lưu Đình Triều viết sách về du ngoạn thế giới,"
Nhà báo Lưu Đình Triều ra sách ""Tung tăng tung tẩy... trời Tây"", về những chuyến thăm danh lam thắng cảnh ở các nước châu Á, phương Tây...
"
https://vnexpress.net/giai-tri/sach,https://vnexpress.net/cao-xuan-son-toi-xuc-dong-khi-tre-em-sang-tac-ve-dai-dich-4369020.html,Cao Xuân Sơn: 'Tôi xúc động khi trẻ em sáng tác về đại dịch',"
Nhà thơ Cao Xuân Sơn - giám khảo ""Vì một Việt Nam tất thắng"" - xúc động khi các bệnh nhi gửi gắm ước mơ qua tranh, văn học.
"
https://vnexpress.net/giai-tri/sach,,,
https://vnexpress.net/giai-tri/sach,https://vnexpress.net/nha-van-truong-dam-thuy-qua-doi-4371176.html,Nhà văn Trương Đạm Thủy qua đời,"
"
https://vnexpress.net/giai-tri/sach,https://vnexpress.net/bo-ba-tieu-thuyet-ve-ha-noi-cua-to-hoai-4369648.html,Bộ ba tiểu thuyết về Hà Nội của Tô Hoài,"
Tác phẩm ""Quê người"", Mười năm"", ""Quê nhà"" của Tô Hoài ra mắt ấn bản mới nhân 1.011 năm Thăng Long - Hà Nội.
"
https://vnexpress.net/giai-tri/sach,https://vnexpress.net/duong-sach-ngay-dau-tro-lai-4369444.html,Đường sách ngày đầu trở lại,"
"
https://vnexpress.net/giai-tri/sach,https://vnexpress.net/doc-gia-trung-quoc-thich-thu-voi-so-do-cua-vu-trong-phung-4369180.html,Độc giả Trung Quốc thích thú với 'Số đỏ' của Vũ Trọng Phụng,"
Người đọc Trung Quốc ví von Xuân Tóc Đỏ trong ""Số đỏ"" của Vũ Trọng Phụng có điểm giống nhân vật ""Vi Tiểu Bảo"" của truyện Kim Dung.
"
https://vnexpress.net/giai-tri/sach,https://vnexpress.net/abdulrazak-gurnah-nha-van-cua-phan-nguoi-chau-phi-di-cu-4368713.html,Abdulrazak Gurnah - nhà văn của phận người châu Phi di cư,"
Trong sách của Abdulrazak Gurnah - chủ nhân Nobel Văn học 2021, các nhân vật gốc Phi nghèo khổ, rời quê hương giữa cảnh bần cùng.
"
https://vnexpress.net/giai-tri/sach,https://vnexpress.net/abdulrazak-gurnah-thang-nobel-van-hoc-4368594.html,Abdulrazak Gurnah thắng Nobel Văn học,"
Abdulrazak Gurnah - tiểu thuyết gia Tanzania, 73 tuổi - đoạt Nobel Văn học 2021 với các tác phẩm về chủ nghĩa thực dân.
"
https://vnexpress.net/giai-tri/sach,,,
https://vnexpress.net/giai-tri/sach,https://vnexpress.net/tac-gia-viet-du-doan-truoc-gio-trao-nobel-van-hoc-4368510.html,Tác giả Việt dự đoán trước giờ trao Nobel Văn học,"
Nhà văn Nhật Chiêu, nhà phê bình Phạm Xuân Nguyên kỳ vọng tác giả ""Đời nhẹ khôn kham"" - Milan Kundera - thắng Nobel Văn học 2021.
"
https://vnexpress.net/giai-tri/sach,https://vnexpress.net/duong-sach-mo-cua-4368486.html,Đường Sách mở cửa,"
"
https://vnexpress.net/giai-tri/sach,https://vnexpress.net/nhung-dieu-it-biet-ve-nobel-van-hoc-4367951.html,Những điều ít biết về Nobel Văn học,"
Nhiều người từng nghĩ cố Thủ tướng Anh Winston Churchill nhận giải Nobel Hòa bình, thế nhưng ông lại được trao Nobel Văn học năm 1953.
"
https://vnexpress.net/giai-tri/sach,https://vnexpress.net/nha-van-phap-duoc-du-doan-thang-nobel-4367225.html,Nhà văn Pháp được dự đoán thắng Nobel,"
Nhà văn Pháp Annie Ernaux xếp ở vị trí đầu, theo tỷ lệ đặt cược người thắng Nobel của nhà cái Ladbrokes.
"
https://vnexpress.net/giai-tri/sach,https://vnexpress.net/toi-la-beto-co-an-pham-dac-biet-4367130.html,'Tôi là Bêtô' có ấn phẩm đặc biệt,"
100 ấn phẩm bìa cứng ""Tôi là Bêtô"" của Nguyễn Nhật Ánh được nhà xuất bản bán góp sức giúp trẻ em hoàn cảnh khó khăn, mồ côi vì dịch.
"
https://vnexpress.net/giai-tri/sach,https://vnexpress.net/toi-la-beto-duoc-dich-sang-tieng-han-4362672.html,'Tôi là Bêtô' được dịch sang tiếng Hàn,"
""Tôi là Bêtô"" - truyện best-seller của Nguyễn Nhật Ánh - được một nhà xuất bản Hàn Quốc mua bản quyền và dịch lại.
"
https://vnexpress.net/giai-tri/sach,,,
category,url,title,text
https://vnexpress.net/the-thao/tennis,https://vnexpress.net/djokovic-thua-ban-ket-davis-cup-4398366.html,Djokovic thua bán kết Davis Cup,"
"
https://vnexpress.net/the-thao/tennis,https://vnexpress.net/nadal-djokovic-se-co-nhieu-grand-slam-nhat-4398178.html,Nadal: 'Djokovic sẽ có nhiều Grand Slam nhất',"
Theo Rafael Nadal, Novak Djokovic sẽ sớm phá kỷ lục 20 Grand Slam mà nhóm “Big 3” cùng nắm giữ, sớm nhất trong chín tháng nữa.
"
https://vnexpress.net/the-thao/tennis,https://vnexpress.net/berdych-federer-kho-thang-mot-tran-du-khoe-manh-4397928.html,Berdych: ‘Federer khó thắng một trận dù khỏe mạnh’,"
Cựu tay vợt số bốn thế giới Tomas Berdych không tin Roger Federer đủ sức thi đấu đỉnh cao, sau khi hồi phục chấn thương ở tuổi 40.
"
https://vnexpress.net/the-thao/tennis,https://vnexpress.net/djokovic-va-dan-sao-bai-vaccine-4397277.html,Djokovic và dàn sao bài vaccine,"
Quan điểm tự do cá nhân trong vấn đề tiêm vaccine Covid-19 được công khai bởi nhiều ngôi sao thể thao, gồm tay vợt số một thế giới Novak Djokovic.
"
https://vnexpress.net/the-thao/tennis,https://vnexpress.net/wta-tam-dung-moi-giai-o-trung-quoc-4397419.html,WTA tạm dừng mọi giải ở Trung Quốc,"
Hiệp hội Quần vợt nữ Thế giới thông báo tạm dừng tổ chức các sự kiện ở Trung Quốc để ủng hộ quyền tự do của tay vợt Peng Shuai.
"
https://vnexpress.net/the-thao/tennis,https://vnexpress.net/djokovic-dua-serbia-vao-ban-ket-davis-cup-4397308.html,Djokovic đưa Serbia vào bán kết Davis Cup,"
"
https://vnexpress.net/the-thao/tennis,,,
https://vnexpress.net/the-thao/tennis,https://vnexpress.net/djokovic-va-medvedev-co-the-doi-dau-o-chung-ket-davis-cup-4396466.html,Djokovic và Medvedev có thể đối đầu ở chung kết Davis Cup,"
Phân nhánh vòng tứ kết Davis Cup mang tới cơ hội để Serbia và Nga gặp nhau tại trận tranh vô địch vào 5/12.
"
https://vnexpress.net/the-thao/tennis,https://vnexpress.net/bo-djokovic-con-toi-bi-tong-tien-4395832.html,Bố Djokovic: ‘Con tôi bị tống tiền’,"
Ông Srdjan ám chỉ con trai Novak Djokovic không dự Australia Mở rộng 2022 vì cảm thấy bị tống tiền trong yêu cầu tiêm phòng Covid-19.
"
https://vnexpress.net/the-thao/tennis,https://vnexpress.net/ly-hoang-nam-vo-dich-o-mexico-4395962.html,Lý Hoàng Nam vô địch ở Mexico,"
"
https://vnexpress.net/the-thao/tennis,https://vnexpress.net/djokovic-khong-cuu-duoc-serbia-4395532.html,Djokovic không cứu được Serbia,"
"
https://vnexpress.net/the-thao/tennis,https://vnexpress.net/djokovic-khoi-dau-thuan-loi-o-davis-cup-4395271.html,Djokovic khởi đầu thuận lợi ở Davis Cup,"
"
https://vnexpress.net/the-thao/tennis,https://vnexpress.net/cuu-so-mot-the-gioi-tin-federer-het-thoi-4394852.html,Cựu số một thế giới tin Federer hết thời,"
Tay vợt cựu số một thế giới Mats Wilander cho rằng Roger Federer chỉ có thể thắng vài trận ở các giải lớn như Masters 1000 hay Grand Slam.
"
https://vnexpress.net/the-thao/tennis,,,
https://vnexpress.net/the-thao/tennis,https://vnexpress.net/cach-gioi-tinh-hoa-quan-vot-kiem-va-giu-tien-4394790.html,Cách giới tinh hoa quần vợt kiếm và giữ tiền,"
Roger Federer gần như không thi đấu hai năm gần đây nhưng vẫn giàu nhất làng banh nỉ, nhờ 90% thu nhập đến từ các hợp đồng quảng cáo.
"
https://vnexpress.net/the-thao/tennis,https://vnexpress.net/90-tay-vot-chuyen-nghiep-thu-nhap-khong-du-song-4394084.html,90% tay vợt chuyên nghiệp thu nhập không đủ sống,"
Chỉ 150 tay vợt hàng đầu ATP không thua lỗ khi theo đuổi quần vợt, chiếm 6% trong các tay vợt nam chuyên nghiệp được xếp hạng.
"
https://vnexpress.net/the-thao/tennis,https://vnexpress.net/sampras-djokovic-vuot-troi-federer-nadal-va-nextgen-4393300.html,"Sampras: ‘Djokovic vượt trội Federer, Nadal và NextGen’","
Huyền thoại Pete Sampras cho rằng với những kỳ tích đạt được 10 năm qua, Novak Djokovic là tay vợt hay nhất lịch sử.
"
https://vnexpress.net/the-thao/tennis,https://vnexpress.net/atp-gioi-han-so-phut-vao-phong-tam-cua-cac-tay-vot-4393259.html,ATP giới hạn số phút vào phòng tắm của các tay vợt,"
Hiệp hội Quần vợt Nhà nghề ATP chỉ cho phép các tay vợt vào phòng tắm một lần mỗi trận, tối đa ba phút, từ mùa 2022.
"
https://vnexpress.net/the-thao/tennis,https://vnexpress.net/djokovic-dung-noi-ve-tien-cua-toi-nadal-va-federer-nua-4393145.html,"Djokovic: ‘Đừng nói về tiền của tôi, Nadal và Federer nữa’","
Theo Novak Djokovic, quần vợt cần thay đổi cách trả tiền để đảm bảo thu nhập công bằng cho các tay vợt nằm ngoài top 100 thế giới.
"
https://vnexpress.net/the-thao/tennis,https://vnexpress.net/zverev-tao-the-chan-vac-voi-djokovic-medvedev-4392949.html,"Zverev tạo thế chân vạc với Djokovic, Medvedev","
Sự thăng tiến của Alexander Zverev và Daniil Medvedev có thể làm hẹp cơ hội vô địch Grand Slam của Novak Djokovic mùa tới.
"
https://vnexpress.net/the-thao/tennis,,,
https://vnexpress.net/the-thao/tennis,https://vnexpress.net/zverev-dat-muc-tieu-thach-thuc-djokovic-4392603.html,Zverev đặt mục tiêu thách thức Djokovic,"
Alexander Zverev tin bản thân có thể cạnh tranh Grand Slam vào mùa tới, khi kết thúc năm 2021 với danh hiệu ATP Finals và thành tích 59 trận thắng.
"
https://vnexpress.net/the-thao/tennis,https://vnexpress.net/zverev-ha-medvedev-o-chung-ket-atp-finals-4392544.html,Zverev hạ Medvedev ở chung kết ATP Finals,"
"
https://vnexpress.net/the-thao/tennis,https://vnexpress.net/djokovic-co-nhung-thu-quan-trong-hon-thang-thua-4383151.html,Djokovic: 'Có những thứ quan trọng hơn thắng thua',"
"
https://vnexpress.net/the-thao/tennis,https://vnexpress.net/djokovic-lan-thu-hai-lien-tiep-thua-ban-ket-atp-finals-4391857.html,Djokovic lần thứ hai liên tiếp thua bán kết ATP Finals,"
"
https://vnexpress.net/the-thao/tennis,https://vnexpress.net/australia-mo-rong-cam-cac-tay-vot-khong-tiem-vaccine-4391802.html,Australia Mở rộng cấm các tay vợt không tiêm vaccine,"
Ban tổ chức Australia Mở rộng quyết định không cho phép các tay vợt chưa tiêm phòng Covid-19 dự giải, hôm 20/11.
"
https://vnexpress.net/the-thao/tennis,https://vnexpress.net/zverev-kiem-duoc-mot-diem-truoc-djokovic-cung-quy-4390993.html,Zverev: ‘Kiếm được một điểm trước Djokovic cũng quý’,"
"
https://vnexpress.net/the-thao/tennis,,,
https://vnexpress.net/the-thao/tennis,https://vnexpress.net/djokovic-toan-thang-o-vong-bang-atp-finals-4390851.html,Djokovic toàn thắng ở vòng bảng ATP Finals,"
"
https://vnexpress.net/the-thao/tennis,https://vnexpress.net/djokovic-ai-cung-thich-xem-federer-thi-dau-4388167.html,Djokovic: ‘Ai cũng thích xem Federer thi đấu’,"
Novak Djokovic cho rằng Roger Federer là nhân vật quan trọng nhất của làng banh nỉ và chúc đàn anh sớm trở lại thi đấu.
"
https://vnexpress.net/the-thao/tennis,https://vnexpress.net/zverev-gap-djokovic-o-ban-ket-atp-finals-4388021.html,Zverev gặp Djokovic ở bán kết ATP Finals,"
"
https://vnexpress.net/the-thao/tennis,https://vnexpress.net/djokovic-dung-vung-giua-nhung-nguoi-khong-lo-4387449.html,Djokovic đứng vững giữa những người khổng lồ,"
Novak Djokovic già và thấp hơn các tay vợt đàn em, nhưng thể hiện phong độ tốt nhất sau hai trận đầu ở ATP Finals.
"
https://vnexpress.net/the-thao/tennis,https://vnexpress.net/djokovic-lan-thu-10-vao-ban-ket-atp-finals-4387244.html,Djokovic lần thứ 10 vào bán kết ATP Finals,"
"
https://vnexpress.net/the-thao/tennis,https://vnexpress.net/federer-khong-du-australia-mo-rong-2022-4387176.html,Federer không dự Australia Mở rộng 2022,"
Roger Federer thừa nhận bản thân không thể chơi ở Australia Mở rộng, chỉ trở lại sau Wimbledon 2022 vì chưa hồi phục chấn thương gối.
"
https://vnexpress.net/the-thao/tennis,,,
category,url,title,text
https://vnexpress.net/the-thao/cac-mon-khac,https://vnexpress.net/vua-co-carlsen-hoa-nhanh-nepomniachtchi-4398746.html,Vua cờ Carlsen hoà nhanh Nepomniachtchi,"
"
https://vnexpress.net/the-thao/cac-mon-khac,https://vnexpress.net/morikawa-rong-cua-len-so-mot-the-gioi-4398754.html,Morikawa rộng cửa lên số một thế giới,"
"
https://vnexpress.net/the-thao/cac-mon-khac,https://vnexpress.net/cuu-so-mot-golf-the-gioi-quen-luat-4398745.html,Cựu số một golf thế giới quên luật,"
"
https://vnexpress.net/the-thao/cac-mon-khac,https://vnexpress.net/vnexpress-to-chuc-giai-chay-ao-vuot-len-chinh-minh-4398597.html,VnExpress tổ chức giải chạy ảo 'Vượt lên chính mình',"
Giải miễn phí đăng ký tham gia, khuyến khích tinh thần luyện tập chạy bộ hăng say, chiến thắng bản thân, bắt đầu nhận đăng ký từ 12h, ngày 5/12.
"
https://vnexpress.net/the-thao/cac-mon-khac,https://vnexpress.net/vi-the-dac-biet-cua-hero-world-challenge-4398520.html,Vị thế đặc biệt của Hero World Challenge,"
"
https://vnexpress.net/the-thao/cac-mon-khac,https://vnexpress.net/caddie-ty-phu-o-hero-world-challenge-4398517.html,Caddie tỷ phú ở Hero World Challenge,"
"
https://vnexpress.net/the-thao/cac-mon-khac,,,
https://vnexpress.net/the-thao/cac-mon-khac,https://vnexpress.net/vua-co-carlsen-dan-truoc-nepomniachtchi-4398326.html,Vua cờ Carlsen dẫn trước Nepomniachtchi,"
"
https://vnexpress.net/the-thao/cac-mon-khac,https://vnexpress.net/mayweather-muon-huan-luyen-joshua-tai-dau-usyk-4398320.html,Mayweather muốn huấn luyện Joshua tái đấu Usyk,"
"
https://vnexpress.net/the-thao/cac-mon-khac,https://vnexpress.net/nba-co-ky-luc-thang-diem-moi-4398145.html,NBA có kỷ lục thắng điểm mới,"
"
https://vnexpress.net/the-thao/cac-mon-khac,https://vnexpress.net/tiger-woods-gay-sot-voi-cu-swing-4398061.html,Tiger Woods gây sốt với cú swing,"
"
https://vnexpress.net/the-thao/cac-mon-khac,https://vnexpress.net/morikawa-ap-sat-moc-hiem-trong-golf-dinh-cao-4398024.html,Morikawa áp sát mốc hiếm trong golf đỉnh cao,"
"
https://vnexpress.net/the-thao/cac-mon-khac,https://vnexpress.net/vo-si-thu-nhi-bo-giai-quoc-gia-4397993.html,Võ sĩ Thu Nhi bỏ giải Quốc gia,"
"
https://vnexpress.net/the-thao/cac-mon-khac,,,
https://vnexpress.net/the-thao/cac-mon-khac,https://vnexpress.net/vua-co-carlsen-hoa-o-the-bi-dong-4397352.html,Vua cờ Carlsen hoà ở thế bị động,"
"
https://vnexpress.net/the-thao/cac-mon-khac,https://vnexpress.net/golf-iceland-mo-lap-ky-tich-nhu-bong-da-4397261.html,Golf Iceland mơ lập kỳ tích như bóng đá,"
"
https://vnexpress.net/the-thao/cac-mon-khac,https://vnexpress.net/lien-doan-co-the-gioi-hop-tac-cung-hdbank-10-nam-toi-4397319.html,Liên đoàn cờ thế giới hợp tác cùng HDBank 10 năm tới,"
Liên đoàn cờ thế giới (FIDE) sẽ cùng Liên đoàn cờ Việt Nam (VCF) và HDBank tổ chức giải Cờ vua quốc tế tại Việt Nam trong 10 năm, từ 2022 đến 2031.
"
https://vnexpress.net/the-thao/cac-mon-khac,https://vnexpress.net/vua-co-carlsen-hoa-trong-ngay-sinh-nhat-4396932.html,Vua cờ Carlsen hòa trong ngày sinh nhật,"
"
https://vnexpress.net/the-thao/cac-mon-khac,https://vnexpress.net/ban-to-chuc-sea-games-31-muon-thu-70-ty-dong-tai-tro-4397052.html,Ban tổ chức SEA Games 31 muốn thu 70 tỷ đồng tài trợ,"
Phó ban tổ chức SEA Games 31 Trần Đức Phấn cho biết sẽ không hạ mục tiêu kiếm tài trợ dù Covid-19 gây ra nhiều trở ngại.
"
https://vnexpress.net/the-thao/cac-mon-khac,https://vnexpress.net/tuyen-bong-chuyen-nu-bamboo-airways-vinh-phuc-thang-hang-4397054.html,Tuyển bóng chuyền nữ Bamboo Airways Vĩnh Phúc thăng hạng,"
Vượt qua TP HCM trong trận chung kết cúp FLC 2021, đội bóng chuyền nữ Bamboo Airways Vĩnh Phúc sở hữu tấm vé thăng hạng lên giải vô địch quốc gia năm 2022.
"
https://vnexpress.net/the-thao/cac-mon-khac,,,
https://vnexpress.net/the-thao/cac-mon-khac,https://vnexpress.net/giai-marathon-trung-nam-hoan-to-chuc-4396812.html,Giải marathon Trung Nam hoãn tổ chức,"
Thay vì tổ chức giữa tháng 12, giải marathon với đường chạy vượt biển tại Trà Vinh phải tạm hoãn vì tình hình dịch bệnh.
"
https://vnexpress.net/the-thao/cac-mon-khac,https://vnexpress.net/tiger-woods-toi-suyt-cut-chan-4396480.html,Tiger Woods: 'Tôi suýt cụt chân',"
"
https://vnexpress.net/the-thao/cac-mon-khac,https://vnexpress.net/golfer-tre-vo-dich-bamboo-airways-golf-tournament-4396553.html,Golfer trẻ vô địch Bamboo Airways Golf Tournament,"
Vượt qua hơn 1.000 golf thủ, Nguyễn Anh Minh lên ngôi vô địch với thành tích 71 gậy ở Bamboo Airways Golf Tournament 2021.
"
https://vnexpress.net/the-thao/cac-mon-khac,https://vnexpress.net/golf-my-cung-ra-tran-4396047.html,Golf Mỹ cũng ra trận,"
Qua tổ chức ""Bunkers in Baghdad"", 1 triệu cây gậy và 12, 5 triệu quả bóng golf đã giúp lính Mỹ giải khuây tại các cơ sở quân sự ở nước ngoài.
"
https://vnexpress.net/the-thao/cac-mon-khac,https://vnexpress.net/vua-co-carlsen-to-thai-do-khi-bi-kiem-tra-doping-4395759.html,Vua cờ Carlsen tỏ thái độ khi bị kiểm tra doping,"
"
https://vnexpress.net/the-thao/cac-mon-khac,https://vnexpress.net/carlsen-thi-quan-nhung-khong-the-thang-nepomniachtchi-4395575.html,Carlsen thí quân nhưng không thể thắng Nepomniachtchi,"
"
https://vnexpress.net/the-thao/cac-mon-khac,,,
https://vnexpress.net/the-thao/cac-mon-khac,https://vnexpress.net/european-tour-mua-moi-xao-tron-vi-covid-19-4395373.html,European Tour mùa mới xáo trộn vì Covid-19,"
"
https://vnexpress.net/the-thao/cac-mon-khac,https://vnexpress.net/nepomniachtchi-cam-hoa-carlsen-o-van-dau-tien-4395194.html,Nepomniachtchi cầm hoà Carlsen ở ván đầu tiên,"
"
https://vnexpress.net/the-thao/cac-mon-khac,https://vnexpress.net/vo-si-van-thao-dau-nha-vo-dich-bat-bai-thai-lan-4395016.html,Võ sĩ Văn Thảo đấu nhà vô địch bất bại Thái Lan,"
"
https://vnexpress.net/the-thao/cac-mon-khac,https://vnexpress.net/vo-si-thu-nhi-duoc-du-giai-quoc-gia-4394953.html,Võ sĩ Thu Nhi được dự giải Quốc gia,"
"
https://vnexpress.net/the-thao/cac-mon-khac,https://vnexpress.net/duoc-luu-danh-lpga-tour-kho-the-nao-4394972.html,Được lưu danh LPGA Tour khó thế nào,"
Muốn vào Đền danh vọng LPGA Tour, golfer phải tích luỹ số điểm ít ỏi để cán mốc 27 điểm bằng các chức vô địch và ít nhất một danh hiệu cuối mùa.
"
https://vnexpress.net/the-thao/cac-mon-khac,https://vnexpress.net/randori-bi-quyet-thanh-cong-cua-judo-nhat-ban-4394398.html,Randori - bí quyết thành công của judo Nhật Bản,"
Dành rất nhiều thời gian để tập randori (đối luyện) đúng cách là một trong những nguyên nhân giúp judo Nhật Bản ngày càng khẳng định được vị trí số một thế giới.
"
https://vnexpress.net/the-thao/cac-mon-khac,,,
category,url,title,text
https://vnexpress.net/bong-da,https://vnexpress.net/rangnick-man-utd-se-khong-thach-thuc-nhom-dau-trong-vai-thang-4398739.html,Rangnick: 'Man Utd sẽ không thách thức nhóm đầu trong vài tháng',"
"
https://vnexpress.net/bong-da,https://vnexpress.net/messi-toi-chua-tung-coi-minh-la-cau-thu-gioi-nhat-4398585.html,Messi: 'Tôi chưa từng coi mình là cầu thủ giỏi nhất',"
Trong phỏng vấn độc quyền với France Football sau khi đoạt Quả Bóng Vàng thứ bảy, Lionel Messi nói rằng anh chỉ muốn là một trong những cầu thủ giỏi nhất.
"
https://vnexpress.net/bong-da,https://vnexpress.net/hlv-klopp-dung-tu-huyen-thoai-voi-origi-4398710.html,HLV Klopp dùng từ 'huyền thoại' với Origi,"
"
https://vnexpress.net/bong-da,https://vnexpress.net/haaland-to-trong-tai-nang-do-bayern-4398652.html,Haaland tố trọng tài nâng đỡ Bayern,"
"
https://vnexpress.net/bong-da,https://vnexpress.net/mourinho-trut-gian-len-phong-vien-4398625.html,Mourinho trút giận lên phóng viên,"
"
https://vnexpress.net/bong-da,https://vnexpress.net/hlv-qua-doi-khi-mung-ban-thang-4398681.html,HLV qua đời khi mừng bàn thắng,"
"
https://vnexpress.net/bong-da,,,
https://vnexpress.net/bong-da,https://vnexpress.net/tuchel-trach-jorginho-va-mendy-4398678.html,Tuchel trách Jorginho và Mendy,"
"
https://vnexpress.net/bong-da,https://vnexpress.net/inter-gieo-sau-cho-mourinho-4398623.html,Inter gieo sầu cho Mourinho,"
"
https://vnexpress.net/bong-da,https://vnexpress.net/messi-lai-im-tieng-trong-tran-hoa-cua-psg-4398619.html,Messi lại im tiếng trong trận hòa của PSG,"
"
https://vnexpress.net/bong-da,https://vnexpress.net/real-thang-tran-thu-tam-lien-tiep-4398616.html,Real thắng trận thứ tám liên tiếp,"
"
https://vnexpress.net/bong-da,https://vnexpress.net/man-city-lan-dau-len-dinh-bang-mua-nay-4398614.html,Man City lần đầu lên đỉnh bảng mùa này,"
"
https://vnexpress.net/bong-da,https://vnexpress.net/bayern-thang-nguoc-dortmund-4398604.html,Bayern thắng ngược Dortmund,"
"
https://vnexpress.net/bong-da,,,
https://vnexpress.net/bong-da,https://vnexpress.net/barca-thua-tran-dau-duoi-thoi-xavi-4398595.html,Barca thua trận đầu dưới thời Xavi,"
"
https://vnexpress.net/bong-da,https://vnexpress.net/liverpool-thang-phut-bu-gio-o-ngoai-hang-anh-4398596.html,Liverpool thắng phút bù giờ ở Ngoại hạng Anh,"
"
https://vnexpress.net/bong-da,https://vnexpress.net/milan-len-dinh-serie-a-4398570.html,Milan lên đỉnh Serie A,"
"
https://vnexpress.net/bong-da,https://vnexpress.net/west-ham-quat-nga-chelsea-4398572.html,West Ham quật ngã Chelsea,"
"
https://vnexpress.net/bong-da,https://vnexpress.net/guardiola-nghien-xoay-tua-doi-hinh-4398493.html,Guardiola 'nghiện' xoay tua đội hình,"
"
https://vnexpress.net/bong-da,https://vnexpress.net/ronaldo-chao-don-rangnick-4398346.html,Ronaldo chào đón Rangnick,"
"
https://vnexpress.net/bong-da,,,
https://vnexpress.net/bong-da,https://vnexpress.net/rangnick-lan-dau-chi-dao-man-utd-cuoi-tuan-nay-4398225.html,Rangnick lần đầu chỉ đạo Man Utd cuối tuần này,"
Tiếp Crystal Palace sẽ là thử thách đầu tiên với Ralf Rangnick trên cương vị HLV tạm quyền trong sáu tháng của Man Utd.
"
https://vnexpress.net/bong-da,https://vnexpress.net/aubameyang-thich-bai-mung-chien-thang-cua-ronaldo-4398490.html,Aubameyang thích bài mừng chiến thắng của Ronaldo,"
"
https://vnexpress.net/bong-da,https://vnexpress.net/xavi-messi-doat-qua-bong-vang-la-cong-ly-cho-bong-da-4398348.html,Xavi: 'Messi đoạt Quả Bóng Vàng là công lý cho bóng đá',"
"
https://vnexpress.net/bong-da,https://vnexpress.net/laporta-phu-nhan-de-nghi-messi-da-khong-luong-cho-barca-4398295.html,Laporta phủ nhận đề nghị Messi đá không lương cho Barca,"
"
https://vnexpress.net/bong-da,https://vnexpress.net/vi-sao-ronaldo-da-phat-den-truoc-arsenal-4398294.html,Vì sao Ronaldo đá phạt đền trước Arsenal?,"
"
https://vnexpress.net/bong-da,https://vnexpress.net/evra-toi-bat-dau-buc-minh-voi-rangnick-4398274.html,Evra: 'Tôi bắt đầu bực mình với Rangnick',"
Cựu hậu vệ Patrice Evra không muốn HLV Ralf Rangnick thay đổi lối chơi vốn được coi là DNA của Man Utd.
"
https://vnexpress.net/bong-da,,,
https://vnexpress.net/bong-da,https://vnexpress.net/do-hung-dung-lo-aff-cup-2020-4398239.html,Đỗ Hùng Dũng lỡ AFF Cup 2020,"
"
https://vnexpress.net/bong-da,https://vnexpress.net/rangnick-cau-thu-man-utd-can-tin-tuong-toi-4398171.html,Rangnick: 'Cầu thủ Man Utd cần tin tưởng tôi',"
"
https://vnexpress.net/bong-da,https://vnexpress.net/ronaldo-hy-vong-man-utd-tro-lai-dung-huong-4397812.html,Ronaldo hy vọng Man Utd trở lại đúng hướng,"
"
https://vnexpress.net/bong-da,https://vnexpress.net/rangnick-va-bai-toan-niem-tin-cua-man-utd-4398058.html,Rangnick và bài toán niềm tin của Man Utd,"
5/4/2011, Ralf Rangnick và các cầu thủ Schalke rời sân San Siro trong tâm trạng ngất ngây. Họ vừa đè bẹp đương kim vô địch Inter ở tứ kết lượt đi Champions League 5-2.
"
https://vnexpress.net/bong-da,https://vnexpress.net/sheringham-lo-cau-thu-man-utd-khong-tuan-lenh-rangnick-4397858.html,Sheringham lo cầu thủ Man Utd không tuân lệnh Rangnick,"
"
https://vnexpress.net/bong-da,https://vnexpress.net/lewandowski-duoc-trao-qua-bong-muoi-4397915.html,Lewandowski được trao quả bóng muối,"
"
https://vnexpress.net/bong-da,,,
category,url,title,text
https://vnexpress.net/the-gioi/phan-tich,https://vnexpress.net/diem-mu-khien-my-de-lot-luoi-omicron-4397832.html,Điểm mù khiến Mỹ để lọt lưới Omicron,"Khi Nam Phi và nhiều nước dồn dập thông báo phát hiện ca nhiễm biến chủng Omicron, những ""người gác cửa dịch tễ"" Mỹ vẫn mò mẫm tìm kiếm. "
https://vnexpress.net/the-gioi/phan-tich,https://vnexpress.net/ly-do-ty-le-ung-ho-biden-giam-ky-luc-4397611.html,Lý do tỷ lệ ủng hộ Biden giảm kỷ lục,"Quyết định rút quân khỏi Afghanistan, chia rẽ đảng phái, Covid-19 vẫn hoành hành đe dọa phục hồi kinh tế khiến nhiều người Mỹ ngày càng thất vọng với Biden."
https://vnexpress.net/the-gioi/phan-tich,https://vnexpress.net/tham-vong-340-ty-usd-giup-eu-canh-tranh-ha-tang-voi-trung-quoc-4397329.html,Tham vọng 340 tỷ USD giúp EU cạnh tranh hạ tầng với Trung Quốc,Kế hoạch hạ tầng Global Gateway trị giá 340 tỷ USD được EU đề ra như một nỗ lực cạnh tranh Sáng kiến Vành đai và Con đường Trung Quốc.
https://vnexpress.net/the-gioi/phan-tich,https://vnexpress.net/omicron-chong-chat-ganh-nang-len-nhiem-ky-biden-4396785.html,Omicron chồng chất gánh nặng lên nhiệm kỳ Biden,"Biden từ lâu đặt cược vào nỗ lực chấm dứt đại dịch để khẳng định di sản chính trị của mình, nhưng Omicron có thể trở thành gánh nặng mới."
https://vnexpress.net/the-gioi/phan-tich,https://vnexpress.net/chung-omicron-giong-hoi-chuong-canh-tinh-ve-covid-19-4395805.html,Chủng Omicron gióng hồi chuông cảnh tỉnh về Covid-19,"Biến chủng Omicron cho thấy thế giới vẫn phải áp dụng các biện pháp phòng dịch và thúc đẩy tiêm chủng, dù đã mệt mỏi với Covid-19."
https://vnexpress.net/the-gioi/phan-tich,https://vnexpress.net/cach-the-gioi-ung-pho-bien-chung-omicron-4395796.html,Cách thế giới ứng phó biến chủng Omicron,"Dù Omicron gây lo ngại toàn cầu, giới chuyên gia cho rằng chiến lược ứng phó hiệu quả hiện nay vẫn là hạn chế đi lại và thúc đẩy tiêm chủng."
https://vnexpress.net/the-gioi/phan-tich,,,
https://vnexpress.net/the-gioi/phan-tich,https://vnexpress.net/omicron-phoi-bay-hiem-hoa-tu-bat-binh-dang-vaccine-toan-cau-4395219.html,Omicron phơi bày hiểm họa từ bất bình đẳng vaccine toàn cầu,Tình trạng phủ vaccine không đồng đều giữa các nước giàu và nghèo được cho là tạo cơ hội để những biến chủng mới như Omicron xuất hiện.
https://vnexpress.net/the-gioi/phan-tich,https://vnexpress.net/nguy-co-tu-qua-trinh-dot-bien-cua-ncov-4392812.html,Nguy cơ từ quá trình đột biến của nCoV,"nCoV liên tục đột biến trong quá trình lây lan, cùng với đó là nguy cơ xuất hiện biến chủng mới có khả năng lây lan cao hơn hoặc né tránh miễn dịch."
https://vnexpress.net/the-gioi/phan-tich,https://vnexpress.net/noi-lo-sieu-bien-chung-khien-gioi-khoa-hoc-nom-nop-4394776.html,Nỗi lo siêu biến chủng khiến giới khoa học nơm nớp,"Gavin Screaton, nhà miễn dịch học tại Đại học Oxford, cho rằng chỉ những người rất bàng quan mới tin nCoV đã hết mánh khóe đột biến sau chủng Delta."
https://vnexpress.net/the-gioi/phan-tich,https://vnexpress.net/tinh-toan-duong-xa-cua-nu-thu-tuong-thuy-dien-giu-chuc-7-gio-4394749.html,Tính toán đường xa của nữ Thủ tướng Thụy Điển giữ chức 7 giờ,"7 giờ sau khi là nữ Thủ tướng Thụy Điển đầu tiên, Andersson từ chức, nhưng động thái này được coi là bàn đạp để bà tái đắc cử trong cuộc bỏ phiếu lại ngày 29/11."
https://vnexpress.net/the-gioi/phan-tich,https://vnexpress.net/anh-bung-tranh-cai-ve-mien-dich-cong-dong-4394751.html,Anh bùng tranh cãi về miễn dịch cộng đồng,"Giáo sư Ferguson cho rằng số ca nhiễm lớn sau khi ""sổ lồng"" giúp Anh sắp đạt miễn dịch cộng đồng, song các chuyên gia khác phản đối quyết liệt."
https://vnexpress.net/the-gioi/phan-tich,https://vnexpress.net/moi-dai-loan-du-hoi-nghi-my-tang-thach-thuc-trung-quoc-4394259.html,"Mời Đài Loan dự hội nghị, Mỹ tăng thách thức Trung Quốc","Mời Đài Loan dự hội nghị thượng đỉnh dân chủ, Mỹ khiến Trung Quốc phản ứng gay gắt, tăng căng thẳng cho mối quan hệ vừa được hạ nhiệt."
https://vnexpress.net/the-gioi/phan-tich,,,
https://vnexpress.net/the-gioi/phan-tich,https://vnexpress.net/nan-cuop-pha-cua-hang-hoanh-hanh-nuoc-my-4393872.html,Nạn cướp phá cửa hàng hoành hành nước Mỹ,"Nhiều thành phố Mỹ đang đối mặt làn sóng tội phạm xông vào cửa hàng bán lẻ, đập kính lấy đi nhiều món hàng đắt tiền rồi tháo chạy."
https://vnexpress.net/the-gioi/phan-tich,https://vnexpress.net/tiem-chung-cho-tre-em-co-the-ngan-bien-chung-ncov-troi-day-4393112.html,Tiêm chủng cho trẻ em có thể ngăn biến chủng nCoV trỗi dậy,"Cadell Walker, bang Kentucky, hối hả đưa con đi tiêm vaccine, không chỉ để bảo vệ bé mà còn ngăn nguy cơ xuất hiện biến chủng mới nguy hiểm hơn."
https://vnexpress.net/the-gioi/phan-tich,https://vnexpress.net/du-tru-dau-vu-khi-giup-trung-quoc-ra-oai-voi-my-4393964.html,Dự trữ dầu - vũ khí giúp Trung Quốc 'ra oai' với Mỹ,"Khi Mỹ đề nghị Trung Quốc xả dầu dự trữ chiến lược để bình ổn giá quốc tế, truyền thông nước này coi đây là dấu hiệu Bắc Kinh ""trên cơ"" Washington."
https://vnexpress.net/the-gioi/phan-tich,https://vnexpress.net/chien-dich-tiem-chung-giup-nhat-thoat-mieng-vuc-covid-19-4393116.html,Chiến dịch tiêm chủng giúp Nhật thoát miệng vực Covid-19,"7 tuần trước Olympic Tokyo, chỉ 3,5% dân số Nhật Bản được tiêm vaccine Covid-19 đầy đủ, nhưng tình hình hoàn toàn thay đổi sau vài tháng."
https://vnexpress.net/the-gioi/phan-tich,https://vnexpress.net/biden-truoc-ap-luc-cung-ran-voi-trung-quoc-4392510.html,Biden trước áp lực cứng rắn với Trung Quốc,Biden có thể phải hướng tới chính sách đối ngoại quyết liệt hơn với Trung Quốc để củng cố vị thế đảng Dân chủ trước bầu cử quốc hội giữa kỳ.
https://vnexpress.net/the-gioi/phan-tich,https://vnexpress.net/my-can-vu-khi-dau-thuong-mai-voi-trung-quoc-4390747.html,Mỹ cạn vũ khí đấu thương mại với Trung Quốc,"Mỹ giữ thái độ cứng rắn để buộc Trung Quốc nhượng bộ trong cuộc chiến thương mại, nhưng họ dường như không còn vũ khí gây sức ép nào."
https://vnexpress.net/the-gioi/phan-tich,,,
https://vnexpress.net/the-gioi/phan-tich,https://vnexpress.net/dao-luat-1-700-ty-usd-duoc-ky-vong-giai-cuu-nuoc-my-4391097.html,Đạo luật 1.700 tỷ USD được kỳ vọng 'giải cứu nước Mỹ',"Biden kỳ vọng gói ngân sách 1.700 tỷ USD cho phúc lợi xã hội và môi trường sẽ tạo đòn bẩy để nước Mỹ ""Xây lại Tốt hơn"" nhiều thập kỷ sau."
https://vnexpress.net/the-gioi/phan-tich,https://vnexpress.net/don-tham-do-trong-hoi-nghi-thuong-dinh-my-trung-4390881.html,Đòn thăm dò trong hội nghị thượng đỉnh Mỹ - Trung,"Mỹ - Trung chủ yếu thăm dò lẫn nhau nên không có tiếng nói chung để đạt đột phá trong hội nghị thượng đỉnh trực tuyến, theo đại tá Nguyễn Minh Tâm."
https://vnexpress.net/the-gioi/phan-tich,https://vnexpress.net/nhung-lan-biden-lo-mieng-ve-dai-loan-4387365.html,Những lần Biden 'lỡ miệng' về Đài Loan,"Biden nhiều lần đưa ra những phát biểu trái ngược với chính sách truyền thống về vấn đề Đài Loan, khiến dư luận hoài nghi về chiến lược của Mỹ."
https://vnexpress.net/the-gioi/phan-tich,https://vnexpress.net/chau-a-chua-nguoi-noi-lo-sau-thuong-dinh-my-trung-4387900.html,Châu Á chưa nguôi nỗi lo sau thượng đỉnh Mỹ - Trung,"Thượng đỉnh Mỹ - Trung giúp hai bên tránh đụng độ, nhưng chưa hóa giải thế cạnh tranh siêu cường, khiến châu Á vẫn nơm nớp nỗi lo phải chọn phe."
https://vnexpress.net/the-gioi/phan-tich,https://vnexpress.net/gia-thuyet-moi-ve-ca-covid-19-dau-tien-o-vu-han-4388096.html,Giả thuyết mới về ca Covid-19 đầu tiên ở Vũ Hán,"Nghiên cứu mới cho rằng ca Covid-19 đầu tiên trên thế giới có thể là một tiểu thương chợ Vũ Hán, không phải nhân viên kế toán như điều tra của WHO."
https://vnexpress.net/the-gioi/phan-tich,https://vnexpress.net/cuoc-hoi-dam-ngan-hai-sieu-cuong-dung-do-4386749.html,Cuộc hội đàm ngăn hai siêu cường đụng độ,"Hội nghị thượng đỉnh Mỹ - Trung không tạo đột phá cho quan hệ căng thẳng song phương, nhưng đã ngăn được nguy cơ hai nước ""sa vào xung đột""."
https://vnexpress.net/the-gioi/phan-tich,,,
https://vnexpress.net/the-gioi/phan-tich,https://vnexpress.net/thong-diep-cua-ong-tap-khi-goi-ong-biden-la-lao-bang-huu-4386756.html,Thông điệp của ông Tập khi gọi ông Biden là 'lão bằng hữu',"Mở đầu cuộc gặp thượng đỉnh trực tuyến hôm 16/11, ông Tập gọi ông Biden là ""lão bằng hữu"", dường như muốn bày tỏ thiện chí và tạo lợi thế."
https://vnexpress.net/the-gioi/phan-tich,https://vnexpress.net/trung-quoc-thu-minh-voi-the-gioi-4385723.html,Trung Quốc thu mình với thế giới,"Trung Quốc tạo ra một bong bóng bảo vệ 1,4 tỷ dân trước Covid-19, chấp nhận đóng cửa với phần còn lại của thế giới gần hai năm qua."
https://vnexpress.net/the-gioi/phan-tich,https://vnexpress.net/no-luc-phut-chot-cuu-hoi-nghi-cop26-4385753.html,Nỗ lực phút chót cứu hội nghị COP26,Chủ tịch COP26 Alok Sharma hôm 13/11 phải nghẹn ngào xin lỗi hội nghị vì những thay đổi phút chót trong cam kết chống biến đổi khí hậu.
https://vnexpress.net/the-gioi/phan-tich,https://vnexpress.net/ra-du-luat-trung-phat-my-tang-ap-luc-bien-dong-voi-trung-quoc-4385327.html,"Ra dự luật trừng phạt, Mỹ tăng áp lực Biển Đông với Trung Quốc","Dự luật trừng phạt Trung Quốc vì Biển Đông của Ủy ban Đối ngoại Thượng viện Mỹ được kỳ vọng sẽ tăng sức ép, buộc Bắc Kinh kiềm chế ""hành vi xấu"" ở khu vực."
https://vnexpress.net/the-gioi/phan-tich,https://vnexpress.net/thuong-dinh-biden-tap-can-binh-kho-dat-dot-pha-4385181.html,Thượng đỉnh Biden - Tập Cận Bình khó đạt đột phá,"Lãnh đạo Mỹ - Trung nhất trí họp thượng đỉnh trực tuyến để giải quyết cạnh tranh song phương, nhưng khó đạt thành quả mang tính bước ngoặt."
https://vnexpress.net/the-gioi/phan-tich,https://vnexpress.net/chien-luoc-my-bien-dai-loan-thanh-con-nhim-truoc-trung-quoc-4383727.html,Chiến lược Mỹ biến Đài Loan thành 'con nhím' trước Trung Quốc,"Mỹ âm thầm hỗ trợ năng lực quân sự để biến Đài Loan thành ""con nhím"" khó bị tấn công nếu Trung Quốc muốn thống nhất hòn đảo bằng vũ lực."
https://vnexpress.net/the-gioi/phan-tich,,,
